5, 0
0, 0
0, 3
0, 3
0, 3
0, 3
0, 3
0, 3
0, 3
0, 3
0, 3
0, 3
0, 3
0, 3
0, 3
0, 3
0, 3
0, 1709
0, 2809
0, 2985
2, 3871
100, 11629
100, 11651
50, 11743
100, 11743
100, 11743
100, 11743
100, 11743
100, 11743
100, 11743
100, 11743
100, 11743
100, 11743
100, 11743
100, 11743
100, 11743
100, 11743
96, 11743
100, 11743
100, 11743
100, 11743
100, 11743
100, 11743
100, 11743
96, 11743
100, 11743
93, 11743
100, 11743
100, 11743
100, 11743
100, 11743
100, 11743
100, 11743
100, 11743
100, 11743
100, 11743
100, 11743
100, 11743
100, 11743
100, 11743
96, 11743
100, 11743
100, 11743
100, 11743
100, 11743
100, 11743
100, 11743
100, 11743
100, 11743
92, 11743
100, 11743
100, 11743
100, 11743
100, 11743
100, 11743
100, 11743
100, 11743
100, 11743
100, 11743
100, 11743
100, 11743
100, 11743
100, 11743
96, 11743
100, 11743
96, 11743
100, 11743
100, 11743
100, 11743
100, 11743
100, 11743
100, 11743
100, 11743
100, 11743
89, 11743
100, 11743
100, 11743
100, 11743
1, 11743
20, 0
0, 0
