path,n_frames,has_event_gt,wrong_raw,wrong_corr,rule_saved,gt_16dist,raw_fall_missed,raw_fall_as_fallen,raw_fallen_missed,raw_fallen_as_fall,raw_lying_event_fp,raw_other_normal_fp,corr_fall_missed,corr_fall_as_fallen,corr_fallen_missed,corr_fallen_as_fall,corr_lying_event_fp,corr_other_normal_fp
fall/fall_el_121,80,True,80,80,0,1:80,80,0,0,0,0,0,80,0,0,0,0,0
fall/fall_yo_021,80,False,80,80,0,9:80,0,0,0,0,0,80,0,0,0,0,0,80
fallen/fallen_el_128,80,False,80,80,0,3:8 5:19 6:53,0,0,0,0,72,8,0,0,0,0,72,8
fallen/fallen_mi_075,80,True,80,80,0,1:11 2:69,11,0,69,0,0,0,11,0,69,0,0,0
fallen/fallen_mi_085,80,False,80,80,0,3:16 4:64,0,0,0,0,0,80,0,0,0,0,0,80
fallen/fallen_te_081,80,True,80,80,0,1:3 2:77,3,0,77,0,0,0,3,0,77,0,0,0
fallen/fallen_te_100,80,True,80,80,0,2:80,0,0,80,0,0,0,0,0,80,0,0,0
fallen/fallen_to_061,80,True,80,80,0,1:36 2:44,36,0,44,0,0,0,36,0,44,0,0,0
fallen/fallen_to_145,80,True,80,80,0,1:17 2:63,17,0,63,0,0,0,17,0,63,0,0,0
fallen/fallen_to_147,80,True,80,80,0,1:17 2:63,17,0,63,0,0,0,17,0,63,0,0,0
lie_down/lie_down_te_123,80,False,80,80,0,5:27 6:53,0,0,0,0,80,0,0,0,0,0,80,0
lie_down/lie_down_to_042,80,True,80,80,0,1:80,80,0,0,0,0,0,80,0,0,0,0,0
lying/lying_ch_012,80,False,80,80,0,6:80,0,0,0,0,80,0,0,0,0,0,80,0
lying/lying_ch_129,80,False,80,80,0,6:80,0,0,0,0,80,0,0,0,0,0,80,0
lying/lying_mi_199,80,False,80,80,0,6:80,0,0,0,0,80,0,0,0,0,0,80,0
lying/lying_te_175,80,False,80,80,0,6:80,0,0,0,0,80,0,0,0,0,0,80,0
lying/lying_to_039,80,False,80,80,0,6:80,0,0,0,0,80,0,0,0,0,0,80,0
lying/lying_to_095,80,False,80,80,0,6:80,0,0,0,0,80,0,0,0,0,0,80,0
lying/lying_to_107,80,False,80,80,0,6:80,0,0,0,0,80,0,0,0,0,0,80,0
other/other_to_164,80,False,80,80,0,9:80,0,0,0,0,0,80,0,0,0,0,0,80
fallen/fallen_mi_098,80,True,79,79,0,1:26 2:54,25,0,54,0,0,0,25,0,54,0,0,0
lie_down/lie_down_el_047,80,False,79,79,0,5:80,0,0,0,0,79,0,0,0,0,0,79,0
lie_down/lie_down_yo_103,80,False,79,79,0,5:15 6:65,0,0,0,0,79,0,0,0,0,0,79,0
fall/fall_mi_189,80,True,55,78,-23,1:57 2:23,34,21,0,0,0,0,55,0,23,0,0,0
fall/fall_te_007,80,True,77,77,0,1:44 2:36,41,0,36,0,0,0,41,0,36,0,0,0
lying/lying_te_140,80,False,75,75,0,6:80,0,0,0,0,75,0,0,0,0,0,75,0
fallen/fallen_ch_014,80,True,74,74,0,1:6 4:62 7:12,0,0,0,0,0,74,0,0,0,0,0,74
fall/fall_to_187,80,False,73,73,0,9:80,0,0,0,0,0,73,0,0,0,0,0,73
fall/fall_mi_075,80,False,72,72,0,5:21 7:25 9:34,0,0,0,0,21,51,0,0,0,0,21,51
fallen/fallen_mi_172,80,False,72,72,0,5:24 6:56,0,0,0,0,72,0,0,0,0,0,72,0
fallen/fallen_to_086,80,True,72,72,0,1:11 2:69,3,0,69,0,0,0,3,0,69,0,0,0
fallen/fallen_to_092,80,False,72,72,0,5:16 6:64,0,0,0,0,72,0,0,0,0,0,72,0
other/other_mi_111,80,False,72,72,0,7:40 12:37 13:3,0,0,0,0,0,72,0,0,0,0,0,72
fall/fall_to_120,80,True,71,71,0,1:80,65,6,0,0,0,0,71,0,0,0,0,0
fallen/fallen_el_004,80,True,69,69,0,1:11 2:69,0,0,65,4,0,0,0,0,65,4,0,0
fallen/fallen_te_190,80,True,69,69,0,1:11 2:69,0,0,62,7,0,0,0,0,62,7,0,0
fallen/fallen_yo_097,80,True,69,69,0,1:11 4:69,0,0,0,0,0,69,0,0,0,0,0,69
fall/fall_ch_107,80,True,68,68,0,1:80,68,0,0,0,0,0,68,0,0,0,0,0
fallen/fallen_mi_080,80,True,66,66,0,1:29 2:37 8:14,29,0,37,0,0,0,29,0,37,0,0,0
other/other_yo_014,80,False,65,65,0,9:80,0,0,0,0,0,65,0,0,0,0,0,65
fallen/fallen_ch_190,80,True,64,64,0,1:17 2:63,1,0,63,0,0,0,1,0,63,0,0,0
fallen/fallen_el_043,80,True,64,64,0,1:16 2:64,0,0,64,0,0,0,0,0,64,0,0,0
fall/fall_el_140,80,True,63,63,0,1:17 4:53 7:10,0,0,0,0,0,63,0,0,0,0,0,63
fall/fall_te_035,80,True,62,62,0,1:18 2:50 9:12,0,0,17,33,0,12,0,0,17,33,0,12
fall/fall_yo_114,80,True,62,62,0,1:21 4:40 7:19,0,3,0,0,0,59,0,3,0,0,0,59
fall/fall_te_158,80,True,60,60,0,1:17 9:63,0,3,0,0,0,57,0,3,0,0,0,57
fall/fall_yo_167,80,True,58,58,0,1:22 9:58,0,0,0,0,0,58,0,0,0,0,0,58
fall/fall_ch_129,80,True,57,57,0,1:22 2:45 8:13,0,0,15,30,0,12,0,0,15,30,0,12
fall/fall_yo_105,80,True,56,56,0,1:24 13:6 15:50,0,0,0,0,0,56,0,0,0,0,0,56
lying/lying_mi_134,80,False,56,56,0,6:80,0,0,0,0,56,0,0,0,0,0,56,0
fallen/fallen_el_125,80,True,55,55,0,1:25 4:55,0,0,0,0,0,55,0,0,0,0,0,55
fall/fall_to_042,80,True,38,54,-16,1:38 2:16 8:26,28,4,0,0,0,6,32,0,16,0,0,6
fall/fall_el_118,80,False,52,52,0,9:80,0,0,0,0,0,52,0,0,0,0,0,52
fall/fall_yo_053,80,True,52,52,0,1:80,7,45,0,0,0,0,7,45,0,0,0,0
fall/fall_ch_059,80,True,51,51,0,1:21 9:59,0,0,0,0,0,51,0,0,0,0,0,51
fall/fall_to_178,80,True,51,51,0,1:29 10:31 15:20,0,0,0,0,0,51,0,0,0,0,0,51
lie_down/lie_down_el_078,80,False,51,51,0,5:56 6:24,0,0,0,0,51,0,0,0,0,0,51,0
fallen/fallen_el_095,80,True,50,50,0,1:80,49,1,0,0,0,0,49,1,0,0,0,0
fallen/fallen_el_189,80,True,50,50,0,1:16 2:23 4:41,0,0,0,9,0,41,0,0,0,9,0,41
fallen/fallen_yo_170,80,True,50,50,0,1:9 2:71,0,0,44,6,0,0,0,0,44,6,0,0
lying/lying_to_127,80,False,50,50,0,6:80,0,0,0,0,50,0,0,0,0,0,50,0
fallen/fallen_to_042,80,True,49,49,0,1:6 2:74,0,0,41,8,0,0,0,0,41,8,0,0
fall/fall_yo_071,80,True,46,46,0,1:32 2:48,0,0,0,46,0,0,0,0,0,46,0,0
fallen/fallen_el_131,80,True,46,46,0,1:11 6:56 7:13,0,0,0,0,33,13,0,0,0,0,33,13
fall/fall_ch_028,80,True,45,45,0,1:19 9:61,0,0,0,0,0,45,0,0,0,0,0,45
fall/fall_to_029,80,True,44,44,0,0:8 1:9 2:4 4:8 7:51,0,0,0,4,0,40,0,0,0,4,0,40
fall/fall_yo_144,80,True,44,44,0,1:16 2:42 9:22,0,0,34,2,0,8,0,0,34,2,0,8
fall/fall_mi_024,80,True,43,43,0,1:29 2:51,0,0,0,43,0,0,0,0,0,43,0,0
lie_down/lie_down_yo_068,80,False,42,42,0,5:34 6:46,0,0,0,0,42,0,0,0,0,0,42,0
sit_down/sit_down_yo_120,80,False,41,41,0,0:11 3:26 4:43,0,0,0,0,0,41,0,0,0,0,0,41
stand_up/stand_up_yo_033,80,False,41,41,0,6:40 7:40,0,0,0,0,40,1,0,0,0,0,40,1
fall/fall_ch_097,80,False,40,40,0,9:80,0,0,0,0,0,40,0,0,0,0,0,40
fall/fall_ch_007,80,True,39,39,0,1:80,39,0,0,0,0,0,39,0,0,0,0,0
fall/fall_mi_089,80,True,39,39,0,1:29 2:17 7:34,0,5,0,0,0,34,0,5,0,0,0,34
fall/fall_te_060,80,True,39,39,0,1:30 2:50,0,0,10,29,0,0,0,0,10,29,0,0
fallen/fallen_te_183,80,True,39,39,0,0:10 1:24 2:46,0,0,9,20,0,10,0,0,9,20,0,10
fallen/fallen_yo_162,80,True,39,39,0,2:80,0,0,18,21,0,0,0,0,18,21,0,0
standing/standing_te_171,80,False,38,38,0,8:80,0,0,0,0,0,38,0,0,0,0,0,38
fall/fall_el_008,80,True,37,37,0,1:62 4:18,23,14,0,0,0,0,23,14,0,0,0,0
fall/fall_el_025,80,True,37,37,0,1:12 2:3 7:65,0,0,0,3,0,34,0,0,0,3,0,34
fall/fall_el_188,80,True,37,37,0,1:13 2:29 7:16 11:22,0,0,0,4,0,33,0,0,0,4,0,33
fall/fall_yo_147,80,True,37,37,0,1:27 7:31 9:22,16,0,0,0,0,21,16,0,0,0,0,21
sitting/sitting_ch_054,80,False,37,37,0,4:80,0,0,0,0,0,37,0,0,0,0,0,37
fall/fall_ch_019,80,True,36,36,0,1:57 9:23,15,0,0,0,0,21,15,0,0,0,0,21
fall/fall_mi_121,80,True,36,36,0,1:43 2:23 7:14,0,0,0,22,0,14,0,0,0,22,0,14
fall/fall_to_089,80,True,36,36,0,1:21 2:59,0,3,33,0,0,0,0,3,33,0,0,0
fall/fall_mi_021,80,True,35,35,0,1:14 2:16 4:24 7:26,0,0,0,16,0,19,0,0,0,16,0,19
fallen/fallen_te_090,80,True,34,34,0,1:18 2:21 7:41,13,0,21,0,0,0,13,0,21,0,0,0
sit_down/sit_down_te_118,80,False,34,34,0,3:57 4:23,0,0,0,0,0,34,0,0,0,0,0,34
fall/fall_to_022,80,True,33,33,0,1:45 2:35,0,0,0,33,0,0,0,0,0,33,0,0
lie_down/lie_down_ch_174,80,False,33,33,0,5:50 6:30,0,0,0,0,33,0,0,0,0,0,33,0
fall/fall_yo_134,80,True,32,32,0,0:11 1:18 7:51,0,0,0,0,0,32,0,0,0,0,0,32
fallen/fallen_te_077,80,True,32,32,0,1:21 7:44 11:15,0,0,0,0,0,32,0,0,0,0,0,32
fall/fall_te_112,80,True,30,30,0,0:12 1:24 2:44,0,0,0,18,0,12,0,0,0,18,0,12
fall/fall_yo_122,80,True,30,30,0,1:17 2:36 7:27,0,0,0,14,0,16,0,0,0,14,0,16
fallen/fallen_to_168,80,True,30,30,0,2:80,0,0,8,22,0,0,0,0,8,22,0,0
other/other_mi_164,80,False,30,30,0,9:80,0,0,0,0,0,30,0,0,0,0,0,30
fall/fall_el_042,80,True,29,29,0,1:80,29,0,0,0,0,0,29,0,0,0,0,0
fall/fall_yo_130,80,True,29,29,0,1:28 2:52,0,0,17,12,0,0,0,0,17,12,0,0
sit_down/sit_down_te_026,80,False,29,29,0,3:36 4:44,0,0,0,0,0,29,0,0,0,0,0,29
fall/fall_te_052,80,True,28,28,0,1:41 2:14 7:25,9,1,0,7,0,11,9,1,0,7,0,11
fall/fall_te_172,80,True,28,28,0,1:19 4:24 9:37,12,0,0,0,0,16,12,0,0,0,0,16
fall/fall_yo_189,80,True,28,28,0,1:29 5:19 6:17 7:15,0,0,0,0,18,10,0,0,0,0,18,10
fall/fall_yo_194,80,True,28,28,0,1:35 2:11 7:15 9:19,0,0,0,11,0,17,0,0,0,11,0,17
fall/fall_ch_044,80,True,27,27,0,1:50 7:14 9:16,0,10,0,0,0,17,0,10,0,0,0,17
fall/fall_yo_128,80,True,27,27,0,1:21 9:59,6,0,0,0,0,21,6,0,0,0,0,21
fallen/fallen_te_033,80,True,27,27,0,1:80,0,27,0,0,0,0,0,27,0,0,0,0
fall/fall_mi_035,80,True,26,26,0,1:52 2:16 7:12,0,22,0,0,0,4,0,22,0,0,0,4
fall/fall_to_137,80,True,26,26,0,1:79 2:1,25,0,0,1,0,0,25,0,0,1,0,0
fallen/fallen_mi_147,80,True,26,26,0,1:22 2:23 7:35,0,0,0,1,0,25,0,0,0,1,0,25
fallen/fallen_mi_114,80,True,25,25,0,1:9 2:71,0,0,0,25,0,0,0,0,0,25,0,0
fallen/fallen_mi_130,80,True,25,25,0,2:80,0,0,15,10,0,0,0,0,15,10,0,0
fall/fall_ch_036,80,True,24,24,0,1:12 2:4 7:24 11:40,0,0,0,4,0,20,0,0,0,4,0,20
fallen/fallen_mi_034,80,True,24,24,0,1:19 2:61,0,0,20,4,0,0,0,0,20,4,0,0
fallen/fallen_mi_047,80,True,24,24,0,1:13 2:49 7:18,0,0,0,6,0,18,0,0,0,6,0,18
fall/fall_ch_153,80,True,23,23,0,1:52 4:13 9:15,5,17,0,0,0,1,5,17,0,0,0,1
fall/fall_te_151,80,True,23,23,0,1:80,23,0,0,0,0,0,23,0,0,0,0,0
fallen/fallen_te_075,80,True,23,23,0,1:25 4:21 7:34,0,0,0,0,0,23,0,0,0,0,0,23
fall/fall_te_002,80,True,22,22,0,1:35 2:17 7:28,0,0,11,6,0,5,0,0,11,6,0,5
fallen/fallen_mi_005,80,True,22,22,0,1:23 2:57,0,2,0,20,0,0,0,2,0,20,0,0
fallen/fallen_to_089,80,True,22,22,0,1:13 2:67,0,0,0,22,0,0,0,0,0,22,0,0
sit_down/sit_down_te_016,80,False,22,22,0,3:38 4:42,0,0,0,0,0,22,0,0,0,0,0,22
stand_up/stand_up_ch_065,80,False,22,22,0,7:30 8:50,0,0,0,0,0,22,0,0,0,0,0,22
stand_up/stand_up_ch_087,80,False,22,22,0,0:26 7:19 8:35,0,0,0,0,0,22,0,0,0,0,0,22
fall/fall_mi_135,80,True,21,21,0,1:59 12:21,0,0,0,0,0,21,0,0,0,0,0,21
fallen/fallen_el_090,80,True,21,21,0,0:19 1:20 2:41,0,0,0,17,0,4,0,0,0,17,0,4
fallen/fallen_mi_013,80,True,28,21,7,1:12 2:48 6:20,0,0,6,2,20,0,0,0,6,2,13,0
other/other_el_092,80,False,21,21,0,9:80,0,0,0,0,0,21,0,0,0,0,0,21
fall/fall_ch_054,80,True,20,20,0,1:47 8:33,20,0,0,0,0,0,20,0,0,0,0,0
fall/fall_yo_161,80,True,20,20,0,1:11 2:7 8:20 9:42,0,0,0,7,0,13,0,0,0,7,0,13
lie_down/lie_down_yo_194,80,False,20,20,0,5:80,0,0,0,0,20,0,0,0,0,0,20,0
sit_down/sit_down_to_133,80,False,20,20,0,3:44 4:36,0,0,0,0,0,20,0,0,0,0,0,20
fall/fall_mi_042,80,True,19,19,0,0:9 1:24 7:47,0,0,0,0,0,19,0,0,0,0,0,19
fall/fall_to_194,80,False,20,19,1,15:80,0,0,0,0,0,20,0,0,0,0,0,19
fallen/fallen_mi_039,80,True,19,19,0,1:21 2:31 7:28,0,0,0,6,0,13,0,0,0,6,0,13
fallen/fallen_mi_144,80,True,19,19,0,1:29 7:12 9:39,0,0,0,0,0,19,0,0,0,0,0,19
lie_down/lie_down_te_074,80,False,19,19,0,3:16 4:7 5:21 6:36,0,0,0,0,6,13,0,0,0,0,6,13
fall/fall_te_027,80,True,18,18,0,1:57 9:23,0,0,0,0,0,18,0,0,0,0,0,18
fall/fall_to_033,80,True,18,18,0,1:12 2:12 7:56,0,0,0,1,0,17,0,0,0,1,0,17
fall/fall_yo_041,80,True,18,18,0,1:19 2:45 7:16,0,0,0,10,0,8,0,0,0,10,0,8
fallen/fallen_ch_121,80,True,18,18,0,1:24 2:27 7:12 9:17,0,0,0,2,0,16,0,0,0,2,0,16
fallen/fallen_el_120,80,True,18,18,0,1:9 2:62 7:9,0,0,0,9,0,9,0,0,0,9,0,9
fallen/fallen_te_159,80,True,18,18,0,1:17 4:36 7:27,0,1,0,0,0,17,0,1,0,0,0,17
other/other_el_140,80,False,18,18,0,9:80,0,0,0,0,0,18,0,0,0,0,0,18
fall/fall_ch_189,80,True,17,17,0,1:27 2:13 9:40,0,0,0,3,0,14,0,0,0,3,0,14
fall/fall_mi_126,80,True,17,17,0,1:30 2:36 8:14,0,0,0,6,0,11,0,0,0,6,0,11
fall/fall_te_054,80,True,17,17,0,0:7 1:66 2:7,0,16,0,0,0,1,0,16,0,0,0,1
lie_down/lie_down_ch_097,80,False,17,17,0,5:23 6:57,0,0,0,0,17,0,0,0,0,0,17,0
lying/lying_ch_084,80,False,17,17,0,6:80,0,0,0,0,17,0,0,0,0,0,17,0
lying/lying_mi_013,80,False,17,17,0,6:80,0,0,0,0,17,0,0,0,0,0,17,0
other/other_to_101,80,False,60,17,43,9:80,0,0,0,0,0,60,0,0,0,0,0,17
fall/fall_ch_010,80,True,16,16,0,0:32 1:40 15:8,0,0,0,0,0,16,0,0,0,0,0,16
fall/fall_el_052,80,True,16,16,0,1:43 2:37,7,9,0,0,0,0,7,9,0,0,0,0
fall/fall_el_145,80,True,16,16,0,1:16 2:64,0,0,0,16,0,0,0,0,0,16,0,0
fall/fall_mi_045,80,True,16,16,0,1:6 2:74,0,0,3,13,0,0,0,0,3,13,0,0
fall/fall_to_079,80,True,16,16,0,0:16 1:22 2:42,0,0,0,13,0,3,0,0,0,13,0,3
fall/fall_yo_085,80,True,16,16,0,1:19 7:20 9:6 11:35,10,0,0,0,0,6,10,0,0,0,0,6
fallen/fallen_yo_024,80,True,16,16,0,1:9 2:71,0,0,0,16,0,0,0,0,0,16,0,0
fallen/fallen_yo_131,80,True,16,16,0,1:42 2:38,7,0,0,9,0,0,7,0,0,9,0,0
lie_down/lie_down_yo_106,80,False,16,16,0,5:51 6:29,0,0,0,0,16,0,0,0,0,0,16,0
lying/lying_to_131,80,False,16,16,0,6:80,0,0,0,0,16,0,0,0,0,0,16,0
stand_up/stand_up_te_069,80,False,16,16,0,7:79 8:1,0,0,0,0,0,16,0,0,0,0,0,16
standing/standing_el_021,80,False,16,16,0,8:80,0,0,0,0,0,16,0,0,0,0,0,16
fall/fall_ch_167,80,True,15,15,0,1:47 2:6 7:13 9:14,7,0,6,0,0,2,7,0,6,0,0,2
fall/fall_to_046,80,True,15,15,0,1:12 2:10 14:58,4,0,4,6,0,1,4,0,4,6,0,1
fall/fall_yo_164,80,True,15,15,0,1:20 4:45 9:15,2,0,0,0,0,13,2,0,0,0,0,13
fallen/fallen_to_185,80,True,15,15,0,0:5 1:29 2:46,0,4,6,0,0,5,0,4,6,0,0,5
lie_down/lie_down_el_016,80,False,15,15,0,5:66 6:14,0,0,0,0,15,0,0,0,0,0,15,0
sit_down/sit_down_to_008,80,False,15,15,0,3:49 4:31,0,0,0,0,0,15,0,0,0,0,0,15
fall/fall_te_123,80,True,14,14,0,1:66 2:14,0,0,0,14,0,0,0,0,0,14,0,0
fall/fall_te_146,80,True,14,14,0,1:60 4:20,0,0,0,0,0,14,0,0,0,0,0,14
fall/fall_to_088,80,True,14,14,0,0:24 1:8 7:15 11:12 14:12 15:9,0,0,0,0,0,14,0,0,0,0,0,14
fall/fall_to_199,80,True,14,14,0,1:66 2:14,0,0,0,14,0,0,0,0,0,14,0,0
fallen/fallen_ch_070,80,True,14,14,0,1:14 2:66,0,0,0,14,0,0,0,0,0,14,0,0
fallen/fallen_ch_108,80,True,14,14,0,1:18 4:52 9:10,0,0,0,0,0,14,0,0,0,0,0,14
fallen/fallen_te_028,80,True,14,14,0,1:13 2:56 7:11,0,0,0,3,0,11,0,0,0,3,0,11
fallen/fallen_te_092,80,True,14,14,0,1:21 2:36 7:23,0,0,0,3,0,11,0,0,0,3,0,11
lie_down/lie_down_ch_105,80,False,14,14,0,5:30 6:50,0,0,0,0,14,0,0,0,0,0,14,0
standing/standing_el_084,80,False,14,14,0,8:80,0,0,0,0,0,14,0,0,0,0,0,14
fall/fall_mi_010,80,True,13,13,0,1:80,13,0,0,0,0,0,13,0,0,0,0,0
fall/fall_mi_191,80,True,13,13,0,1:41 7:39,5,0,0,0,0,8,5,0,0,0,0,8
fallen/fallen_mi_197,80,True,13,13,0,1:19 4:61,13,0,0,0,0,0,13,0,0,0,0,0
fallen/fallen_to_074,80,True,13,13,0,2:80,0,0,13,0,0,0,0,0,13,0,0,0
fall/fall_mi_007,80,True,12,12,0,1:37 2:43,0,0,1,11,0,0,0,0,1,11,0,0
fall/fall_mi_073,80,True,12,12,0,1:50 2:30,4,7,0,1,0,0,4,7,0,1,0,0
fall/fall_to_054,80,True,12,12,0,0:33 1:11 7:36,1,0,0,0,0,11,1,0,0,0,0,11
fallen/fallen_ch_196,80,True,12,12,0,1:21 2:59,0,0,0,12,0,0,0,0,0,12,0,0
fallen/fallen_mi_045,80,True,12,12,0,1:27 2:53,0,0,0,12,0,0,0,0,0,12,0,0
fallen/fallen_mi_177,80,True,12,12,0,1:12 2:68,0,0,0,12,0,0,0,0,0,12,0,0
fallen/fallen_yo_088,80,True,12,12,0,1:14 2:66,0,0,0,12,0,0,0,0,0,12,0,0
lie_down/lie_down_ch_043,80,False,12,12,0,5:31 6:49,0,0,0,0,12,0,0,0,0,0,12,0
stand_up/stand_up_el_046,80,False,12,12,0,7:80,0,0,0,0,0,12,0,0,0,0,0,12
standing/standing_to_004,80,False,12,12,0,8:80,0,0,0,0,0,12,0,0,0,0,0,12
fall/fall_to_150,80,True,11,11,0,1:17 4:50 8:13,0,0,0,0,0,11,0,0,0,0,0,11
fallen/fallen_el_113,80,True,11,11,0,1:25 2:55,2,0,0,9,0,0,2,0,0,9,0,0
fallen/fallen_el_129,80,True,11,11,0,1:10 2:11 7:59,0,0,8,3,0,0,0,0,8,3,0,0
lie_down/lie_down_el_009,80,False,11,11,0,3:30 4:50,0,0,0,0,0,11,0,0,0,0,0,11
other/other_yo_128,80,False,11,11,0,9:80,0,0,0,0,0,11,0,0,0,0,0,11
sit_down/sit_down_el_112,80,False,11,11,0,3:36 4:44,0,0,0,0,0,11,0,0,0,0,0,11
fall/fall_el_001,80,True,10,10,0,1:41 2:39,6,2,0,2,0,0,6,2,0,2,0,0
fall/fall_mi_001,80,True,10,10,0,1:13 2:67,0,0,0,10,0,0,0,0,0,10,0,0
fall/fall_te_073,80,True,10,10,0,1:23 7:22 8:35,9,0,0,0,0,1,9,0,0,0,0,1
fall/fall_to_132,80,True,10,10,0,0:41 1:10 7:29,10,0,0,0,0,0,10,0,0,0,0,0
fall/fall_yo_123,80,True,10,10,0,1:29 2:51,6,0,0,4,0,0,6,0,0,4,0,0
fallen/fallen_ch_001,80,True,10,10,0,1:13 2:67,0,0,0,10,0,0,0,0,0,10,0,0
fallen/fallen_el_025,80,True,10,10,0,1:22 2:58,0,0,0,10,0,0,0,0,0,10,0,0
fallen/fallen_el_146,80,True,10,10,0,1:9 2:71,0,0,0,10,0,0,0,0,0,10,0,0
fallen/fallen_yo_067,80,True,10,10,0,1:19 2:61,0,1,8,1,0,0,0,1,8,1,0,0
lie_down/lie_down_te_117,80,False,10,10,0,5:23 6:57,0,0,0,0,10,0,0,0,0,0,10,0
sit_down/sit_down_mi_195,80,False,10,10,0,3:34 4:46,0,0,0,0,0,10,0,0,0,0,0,10
sit_down/sit_down_yo_179,80,False,10,10,0,3:39 4:41,0,0,0,0,0,10,0,0,0,0,0,10
sitting/sitting_mi_019,80,False,80,10,70,4:80,0,0,0,0,0,80,0,0,0,0,0,10
standing/standing_ch_156,80,False,10,10,0,8:80,0,0,0,0,0,10,0,0,0,0,0,10
fall/fall_mi_053,80,True,9,9,0,1:79 2:1,8,0,0,1,0,0,8,0,0,1,0,0
fall/fall_te_116,80,True,9,9,0,1:33 2:33 15:14,0,4,0,4,0,1,0,4,0,4,0,1
fall/fall_yo_050,80,True,9,9,0,1:38 2:42,0,0,0,9,0,0,0,0,0,9,0,0
fallen/fallen_ch_091,80,True,9,9,0,1:17 2:63,0,0,0,9,0,0,0,0,0,9,0,0
fallen/fallen_mi_048,80,True,9,9,0,1:15 4:40 7:25,0,0,0,0,0,9,0,0,0,0,0,9
fallen/fallen_mi_055,80,True,9,9,0,1:15 2:65,0,0,8,1,0,0,0,0,8,1,0,0
fallen/fallen_mi_070,80,True,9,9,0,1:13 2:67,0,0,0,9,0,0,0,0,0,9,0,0
fallen/fallen_te_125,80,True,9,9,0,1:16 2:64,5,3,0,1,0,0,8,0,0,1,0,0
fallen/fallen_to_144,80,True,9,9,0,1:10 2:70,3,0,0,6,0,0,3,0,0,6,0,0
fallen/fallen_yo_141,80,True,9,9,0,1:9 2:71,0,9,0,0,0,0,0,9,0,0,0,0
lie_down/lie_down_ch_123,80,False,9,9,0,5:28 6:52,0,0,0,0,9,0,0,0,0,0,9,0
fall/fall_el_120,80,True,8,8,0,1:11 7:28 8:41,0,0,0,0,0,8,0,0,0,0,0,8
fall/fall_to_024,80,True,8,8,0,1:80,8,0,0,0,0,0,8,0,0,0,0,0
fall/fall_yo_140,80,True,8,8,0,1:23 4:57,8,0,0,0,0,0,8,0,0,0,0,0
fallen/fallen_ch_144,80,True,8,8,0,1:17 2:63,0,0,8,0,0,0,0,0,8,0,0,0
fallen/fallen_el_097,80,True,8,8,0,1:12 2:68,0,0,0,8,0,0,0,0,0,8,0,0
fallen/fallen_te_189,80,True,8,8,0,1:17 2:63,0,0,0,8,0,0,0,0,0,8,0,0
fallen/fallen_to_038,80,True,8,8,0,1:10 2:70,0,0,0,8,0,0,0,0,0,8,0,0
lying/lying_te_105,80,False,80,8,72,6:80,0,0,0,0,80,0,0,0,0,0,8,0
stand_up/stand_up_ch_166,80,False,8,8,0,7:30 8:50,0,0,0,0,0,8,0,0,0,0,0,8
fall/fall_ch_091,80,True,7,7,0,1:62 9:18,3,1,0,0,0,3,3,1,0,0,0,3
fallen/fallen_ch_030,80,True,7,7,0,1:25 2:55,0,0,0,7,0,0,0,0,0,7,0,0
fallen/fallen_ch_046,80,True,7,7,0,1:50 2:30,0,0,0,7,0,0,0,0,0,7,0,0
fallen/fallen_mi_026,80,True,7,7,0,1:12 2:68,0,0,0,7,0,0,0,0,0,7,0,0
fallen/fallen_mi_191,80,True,7,7,0,1:21 2:59,0,0,0,7,0,0,0,0,0,7,0,0
fallen/fallen_te_059,80,True,7,7,0,1:22 2:58,0,1,0,6,0,0,0,1,0,6,0,0
fallen/fallen_to_104,80,True,7,7,0,1:22 2:48 7:10,0,3,4,0,0,0,0,3,4,0,0,0
lie_down/lie_down_yo_196,80,False,7,7,0,3:13 4:6 5:27 6:34,0,0,0,0,6,1,0,0,0,0,6,1
lying/lying_te_198,80,False,80,7,73,6:80,0,0,0,0,80,0,0,0,0,0,7,0
other/other_ch_092,80,False,7,7,0,9:80,0,0,0,0,0,7,0,0,0,0,0,7
sit_down/sit_down_ch_150,80,False,7,7,0,3:67 4:13,0,0,0,0,0,7,0,0,0,0,0,7
stand_up/stand_up_to_117,80,False,20,7,13,0:16 7:64,0,0,0,0,0,20,0,0,0,0,0,7
fall/fall_ch_159,80,True,6,6,0,1:22 11:58,6,0,0,0,0,0,6,0,0,0,0,0
fall/fall_to_023,80,True,6,6,0,1:43 2:37,0,4,2,0,0,0,0,4,2,0,0,0
fall/fall_to_117,80,True,6,6,0,1:15 14:65,0,1,0,0,0,5,0,1,0,0,0,5
fall/fall_to_159,80,True,6,6,0,0:37 1:27 7:16,0,1,0,0,0,5,0,1,0,0,0,5
fallen/fallen_ch_026,80,True,6,6,0,1:18 2:62,0,0,0,6,0,0,0,0,0,6,0,0
fallen/fallen_te_165,80,True,6,6,0,1:30 2:50,0,0,0,6,0,0,0,0,0,6,0,0
fallen/fallen_te_177,80,True,6,6,0,1:23 2:57,0,6,0,0,0,0,0,6,0,0,0,0
lying/lying_mi_093,80,False,80,6,74,6:80,0,0,0,0,80,0,0,0,0,0,6,0
stand_up/stand_up_ch_119,80,False,6,6,0,0:56 7:24,0,0,0,0,0,6,0,0,0,0,0,6
fall/fall_to_165,80,True,5,5,0,1:32 2:48,0,4,0,1,0,0,0,4,0,1,0,0
fallen/fallen_ch_142,80,True,5,5,0,1:36 2:44,0,0,0,5,0,0,0,0,0,5,0,0
fallen/fallen_el_081,80,True,5,5,0,1:11 2:69,0,0,0,5,0,0,0,0,0,5,0,0
fallen/fallen_te_070,80,True,5,5,0,1:34 2:46,0,4,0,1,0,0,0,4,0,1,0,0
fallen/fallen_te_184,80,True,5,5,0,1:33 4:47,5,0,0,0,0,0,5,0,0,0,0,0
sitting/sitting_te_154,80,False,10,5,5,4:80,0,0,0,0,0,10,0,0,0,0,0,5
fall/fall_mi_076,80,True,4,4,0,1:28 2:40 9:12,1,0,0,1,0,2,1,0,0,1,0,2
fallen/fallen_ch_036,80,True,4,4,0,1:9 2:71,0,0,0,4,0,0,0,0,0,4,0,0
fallen/fallen_ch_113,80,True,4,4,0,1:12 2:68,0,0,0,4,0,0,0,0,0,4,0,0
fallen/fallen_ch_116,80,False,80,4,76,6:80,0,0,0,0,80,0,0,0,0,0,4,0
fallen/fallen_te_141,80,True,4,4,0,1:17 2:63,0,0,0,4,0,0,0,0,0,4,0,0
fallen/fallen_yo_001,80,True,4,4,0,1:23 2:57,0,0,0,4,0,0,0,0,0,4,0,0
lie_down/lie_down_ch_192,80,False,4,4,0,5:62 6:18,0,0,0,0,4,0,0,0,0,0,4,0
lying/lying_el_042,80,False,80,4,76,6:80,0,0,0,0,80,0,0,0,0,0,4,0
lying/lying_te_063,80,False,80,4,76,6:80,0,0,0,0,80,0,0,0,0,0,4,0
lying/lying_te_176,80,False,42,4,38,6:80,0,0,0,0,42,0,0,0,0,0,4,0
other/other_el_148,80,False,4,4,0,9:80,0,0,0,0,0,4,0,0,0,0,0,4
stand_up/stand_up_ch_032,80,False,4,4,0,0:28 7:34 9:18,0,0,0,0,0,4,0,0,0,0,0,4
stand_up/stand_up_el_018,80,False,30,4,26,6:26 7:54,0,0,0,0,26,4,0,0,0,0,4,0
fall/fall_ch_043,80,True,3,3,0,1:34 9:46,3,0,0,0,0,0,3,0,0,0,0,0
fall/fall_el_083,80,True,3,3,0,1:80,0,3,0,0,0,0,0,3,0,0,0,0
fall/fall_el_134,80,True,3,3,0,1:27 2:53,0,0,0,3,0,0,0,0,0,3,0,0
fall/fall_mi_071,80,True,3,3,0,1:41 2:39,0,0,0,3,0,0,0,0,0,3,0,0
fall/fall_mi_109,80,True,3,3,0,1:35 2:45,0,0,0,3,0,0,0,0,0,3,0,0
fall/fall_to_094,80,True,3,3,0,1:41 2:39,0,0,0,3,0,0,0,0,0,3,0,0
fall/fall_yo_125,80,True,3,3,0,1:80,2,1,0,0,0,0,2,1,0,0,0,0
fallen/fallen_ch_118,80,True,3,3,0,1:14 2:66,0,0,0,3,0,0,0,0,0,3,0,0
fallen/fallen_ch_176,80,True,3,3,0,1:12 2:68,0,1,0,2,0,0,0,1,0,2,0,0
fallen/fallen_mi_081,80,True,3,3,0,1:7 2:73,0,0,0,3,0,0,0,0,0,3,0,0
fallen/fallen_yo_068,80,True,3,3,0,1:16 2:64,0,3,0,0,0,0,0,3,0,0,0,0
lying/lying_el_111,80,False,80,3,77,6:80,0,0,0,0,80,0,0,0,0,0,3,0
sit_down/sit_down_yo_019,80,False,3,3,0,3:24 4:56,0,0,0,0,0,3,0,0,0,0,0,3
stand_up/stand_up_ch_024,80,False,3,3,0,4:33 7:45 8:2,0,0,0,0,0,3,0,0,0,0,0,3
stand_up/stand_up_yo_102,80,False,3,3,0,7:25 8:55,0,0,0,0,0,3,0,0,0,0,0,3
fallen/fallen_ch_131,80,True,2,2,0,1:41 2:39,0,2,0,0,0,0,0,2,0,0,0,0
fallen/fallen_to_069,80,True,2,2,0,1:27 2:53,0,2,0,0,0,0,0,2,0,0,0,0
lying/lying_yo_101,80,False,80,2,78,6:80,0,0,0,0,80,0,0,0,0,0,2,0
other/other_yo_131,80,False,2,2,0,8:80,0,0,0,0,0,2,0,0,0,0,0,2
sit_down/sit_down_to_083,80,False,2,2,0,0:13 3:15 4:52,0,0,0,0,0,2,0,0,0,0,0,2
stand_up/stand_up_ch_046,80,False,2,2,0,7:49 11:31,0,0,0,0,0,2,0,0,0,0,0,2
fall/fall_ch_118,80,True,1,1,0,1:80,1,0,0,0,0,0,1,0,0,0,0,0
fallen/fallen_ch_033,80,True,1,1,0,1:21 2:59,0,0,0,1,0,0,0,0,0,1,0,0
fallen/fallen_el_003,80,True,1,1,0,1:14 2:66,0,0,0,1,0,0,0,0,0,1,0,0
fallen/fallen_el_136,80,True,1,1,0,1:16 2:64,0,0,0,1,0,0,0,0,0,1,0,0
fallen/fallen_el_185,80,True,1,1,0,1:14 2:66,0,0,0,1,0,0,0,0,0,1,0,0
fallen/fallen_mi_154,80,True,1,1,0,1:24 2:56,0,1,0,0,0,0,0,1,0,0,0,0
fallen/fallen_te_025,80,True,1,1,0,1:28 2:52,0,0,0,1,0,0,0,0,0,1,0,0
lie_down/lie_down_ch_018,80,False,1,1,0,5:18 6:62,0,0,0,0,1,0,0,0,0,0,1,0
sit_down/sit_down_to_172,80,False,1,1,0,0:13 3:18 4:49,0,0,0,0,0,1,0,0,0,0,0,1
stand_up/stand_up_mi_199,80,False,1,1,0,6:25 7:44 8:11,0,0,0,0,1,0,0,0,0,0,1,0
stand_up/stand_up_yo_042,80,False,1,1,0,0:28 7:52,0,0,0,0,0,1,0,0,0,0,0,1
fall/fall_el_032,80,True,0,0,0,1:80,0,0,0,0,0,0,0,0,0,0,0,0
fall/fall_mi_115,80,True,0,0,0,1:80,0,0,0,0,0,0,0,0,0,0,0,0
fall/fall_te_086,80,True,0,0,0,1:60 2:20,0,0,0,0,0,0,0,0,0,0,0,0
fall/fall_te_128,80,True,0,0,0,1:80,0,0,0,0,0,0,0,0,0,0,0,0
fall/fall_te_154,80,True,0,0,0,1:80,0,0,0,0,0,0,0,0,0,0,0,0
fall/fall_to_161,80,True,0,0,0,1:80,0,0,0,0,0,0,0,0,0,0,0,0
fall/fall_yo_138,80,True,0,0,0,1:80,0,0,0,0,0,0,0,0,0,0,0,0
fall/fall_yo_170,80,True,0,0,0,1:80,0,0,0,0,0,0,0,0,0,0,0,0
fallen/fallen_ch_092,80,True,0,0,0,2:80,0,0,0,0,0,0,0,0,0,0,0,0
fallen/fallen_el_020,80,True,0,0,0,1:21 2:59,0,0,0,0,0,0,0,0,0,0,0,0
fallen/fallen_te_095,80,True,0,0,0,2:80,0,0,0,0,0,0,0,0,0,0,0,0
fallen/fallen_to_046,80,True,0,0,0,2:80,0,0,0,0,0,0,0,0,0,0,0,0
fallen/fallen_to_171,80,True,0,0,0,2:80,0,0,0,0,0,0,0,0,0,0,0,0
fallen/fallen_yo_037,80,True,0,0,0,2:80,0,0,0,0,0,0,0,0,0,0,0,0
fallen/fallen_yo_087,80,True,0,0,0,2:80,0,0,0,0,0,0,0,0,0,0,0,0
lie_down/lie_down_ch_015,80,False,0,0,0,3:45 5:24 6:11,0,0,0,0,0,0,0,0,0,0,0,0
lie_down/lie_down_ch_027,80,False,0,0,0,5:29 6:51,0,0,0,0,0,0,0,0,0,0,0,0
lie_down/lie_down_ch_035,80,False,0,0,0,5:75 6:5,0,0,0,0,0,0,0,0,0,0,0,0
lie_down/lie_down_ch_042,80,False,0,0,0,5:34 6:46,0,0,0,0,0,0,0,0,0,0,0,0
lie_down/lie_down_ch_045,80,False,0,0,0,5:19 6:61,0,0,0,0,0,0,0,0,0,0,0,0
lie_down/lie_down_ch_072,80,False,0,0,0,5:29 6:51,0,0,0,0,0,0,0,0,0,0,0,0
lie_down/lie_down_ch_086,80,False,0,0,0,5:43 6:37,0,0,0,0,0,0,0,0,0,0,0,0
lie_down/lie_down_ch_093,80,False,0,0,0,5:37 6:43,0,0,0,0,0,0,0,0,0,0,0,0
lie_down/lie_down_ch_104,80,False,0,0,0,5:55 6:25,0,0,0,0,0,0,0,0,0,0,0,0
lie_down/lie_down_ch_107,80,False,0,0,0,3:19 5:44 6:17,0,0,0,0,0,0,0,0,0,0,0,0
lie_down/lie_down_ch_130,80,False,0,0,0,5:15 6:65,0,0,0,0,0,0,0,0,0,0,0,0
lie_down/lie_down_ch_133,80,False,0,0,0,5:23 6:57,0,0,0,0,0,0,0,0,0,0,0,0
lie_down/lie_down_ch_137,80,False,0,0,0,5:74 6:6,0,0,0,0,0,0,0,0,0,0,0,0
lie_down/lie_down_ch_147,80,False,0,0,0,5:31 6:49,0,0,0,0,0,0,0,0,0,0,0,0
lie_down/lie_down_ch_148,80,False,0,0,0,5:80,0,0,0,0,0,0,0,0,0,0,0,0
lie_down/lie_down_ch_165,80,False,0,0,0,5:27 6:53,0,0,0,0,0,0,0,0,0,0,0,0
lie_down/lie_down_ch_180,80,False,0,0,0,5:36 6:44,0,0,0,0,0,0,0,0,0,0,0,0
lie_down/lie_down_ch_185,80,False,0,0,0,3:15 5:43 6:22,0,0,0,0,0,0,0,0,0,0,0,0
lie_down/lie_down_ch_195,80,False,0,0,0,3:17 5:29 6:34,0,0,0,0,0,0,0,0,0,0,0,0
lie_down/lie_down_el_008,80,False,0,0,0,4:14 5:66,0,0,0,0,0,0,0,0,0,0,0,0
lie_down/lie_down_el_022,80,False,0,0,0,5:43 6:37,0,0,0,0,0,0,0,0,0,0,0,0
lie_down/lie_down_el_035,80,False,0,0,0,5:56 6:24,0,0,0,0,0,0,0,0,0,0,0,0
lie_down/lie_down_el_048,80,False,0,0,0,5:51 6:29,0,0,0,0,0,0,0,0,0,0,0,0
lie_down/lie_down_el_063,80,False,0,0,0,5:57 6:23,0,0,0,0,0,0,0,0,0,0,0,0
lie_down/lie_down_el_065,80,False,0,0,0,5:46 6:34,0,0,0,0,0,0,0,0,0,0,0,0
lie_down/lie_down_el_084,80,False,0,0,0,3:28 5:22 6:30,0,0,0,0,0,0,0,0,0,0,0,0
lie_down/lie_down_el_098,80,False,0,0,0,5:26 6:54,0,0,0,0,0,0,0,0,0,0,0,0
lie_down/lie_down_el_105,80,False,0,0,0,5:50 6:30,0,0,0,0,0,0,0,0,0,0,0,0
lie_down/lie_down_el_106,80,False,0,0,0,4:15 5:30 6:35,0,0,0,0,0,0,0,0,0,0,0,0
lie_down/lie_down_el_119,80,False,0,0,0,5:71 6:9,0,0,0,0,0,0,0,0,0,0,0,0
lie_down/lie_down_el_125,80,False,0,0,0,5:66 6:14,0,0,0,0,0,0,0,0,0,0,0,0
lie_down/lie_down_el_126,80,False,0,0,0,5:28 6:52,0,0,0,0,0,0,0,0,0,0,0,0
lie_down/lie_down_el_150,80,False,0,0,0,5:73 6:7,0,0,0,0,0,0,0,0,0,0,0,0
lie_down/lie_down_el_181,80,False,0,0,0,5:80,0,0,0,0,0,0,0,0,0,0,0,0
lie_down/lie_down_mi_004,80,False,0,0,0,5:53 6:27,0,0,0,0,0,0,0,0,0,0,0,0
lie_down/lie_down_mi_048,80,False,0,0,0,3:14 5:17 6:49,0,0,0,0,0,0,0,0,0,0,0,0
lie_down/lie_down_mi_052,80,False,0,0,0,5:42 6:38,0,0,0,0,0,0,0,0,0,0,0,0
lie_down/lie_down_mi_071,80,False,0,0,0,5:20 6:60,0,0,0,0,0,0,0,0,0,0,0,0
lie_down/lie_down_mi_082,80,False,0,0,0,5:25 6:55,0,0,0,0,0,0,0,0,0,0,0,0
lie_down/lie_down_mi_086,80,False,0,0,0,5:42 6:38,0,0,0,0,0,0,0,0,0,0,0,0
lie_down/lie_down_mi_101,80,False,0,0,0,3:18 5:25 6:37,0,0,0,0,0,0,0,0,0,0,0,0
lie_down/lie_down_mi_126,80,False,0,0,0,5:15 6:65,0,0,0,0,0,0,0,0,0,0,0,0
lie_down/lie_down_mi_128,80,False,0,0,0,3:21 5:55 6:4,0,0,0,0,0,0,0,0,0,0,0,0
lie_down/lie_down_mi_139,80,False,0,0,0,5:50 6:30,0,0,0,0,0,0,0,0,0,0,0,0
lie_down/lie_down_mi_140,80,False,0,0,0,5:33 6:47,0,0,0,0,0,0,0,0,0,0,0,0
lie_down/lie_down_mi_174,80,False,0,0,0,3:19 5:42 6:19,0,0,0,0,0,0,0,0,0,0,0,0
lie_down/lie_down_mi_178,80,False,0,0,0,5:52 6:28,0,0,0,0,0,0,0,0,0,0,0,0
lie_down/lie_down_mi_180,80,False,0,0,0,3:18 5:15 6:47,0,0,0,0,0,0,0,0,0,0,0,0
lie_down/lie_down_te_007,80,False,0,0,0,3:41 5:39,0,0,0,0,0,0,0,0,0,0,0,0
lie_down/lie_down_te_021,80,False,0,0,0,5:63 6:17,0,0,0,0,0,0,0,0,0,0,0,0
lie_down/lie_down_te_034,80,False,0,0,0,5:45 6:35,0,0,0,0,0,0,0,0,0,0,0,0
lie_down/lie_down_te_045,80,False,0,0,0,5:22 6:58,0,0,0,0,0,0,0,0,0,0,0,0
lie_down/lie_down_te_091,80,False,0,0,0,5:42 6:38,0,0,0,0,0,0,0,0,0,0,0,0
lie_down/lie_down_te_112,80,False,0,0,0,3:13 4:8 5:34 6:25,0,0,0,0,0,0,0,0,0,0,0,0
lie_down/lie_down_te_115,80,False,0,0,0,5:80,0,0,0,0,0,0,0,0,0,0,0,0
lie_down/lie_down_te_120,80,False,0,0,0,5:32 6:48,0,0,0,0,0,0,0,0,0,0,0,0
lie_down/lie_down_te_131,80,False,0,0,0,5:21 6:59,0,0,0,0,0,0,0,0,0,0,0,0
lie_down/lie_down_te_139,80,False,0,0,0,3:16 5:32 6:32,0,0,0,0,0,0,0,0,0,0,0,0
lie_down/lie_down_te_140,80,False,0,0,0,5:55 6:12 11:13,0,0,0,0,0,0,0,0,0,0,0,0
lie_down/lie_down_te_144,80,False,0,0,0,5:44 6:36,0,0,0,0,0,0,0,0,0,0,0,0
lie_down/lie_down_te_151,80,False,0,0,0,5:35 6:45,0,0,0,0,0,0,0,0,0,0,0,0
lie_down/lie_down_te_156,80,False,0,0,0,5:62 6:18,0,0,0,0,0,0,0,0,0,0,0,0
lie_down/lie_down_te_165,80,False,0,0,0,5:45 6:35,0,0,0,0,0,0,0,0,0,0,0,0
lie_down/lie_down_te_181,80,False,0,0,0,3:14 5:30 6:36,0,0,0,0,0,0,0,0,0,0,0,0
lie_down/lie_down_te_186,80,False,0,0,0,5:22 6:58,0,0,0,0,0,0,0,0,0,0,0,0
lie_down/lie_down_to_029,80,False,0,0,0,5:52 6:28,0,0,0,0,0,0,0,0,0,0,0,0
lie_down/lie_down_to_050,80,False,0,0,0,5:28 6:52,0,0,0,0,0,0,0,0,0,0,0,0
lie_down/lie_down_to_058,80,False,0,0,0,5:49 6:31,0,0,0,0,0,0,0,0,0,0,0,0
lie_down/lie_down_to_059,80,False,0,0,0,5:80,0,0,0,0,0,0,0,0,0,0,0,0
lie_down/lie_down_to_063,80,False,0,0,0,5:22 6:58,0,0,0,0,0,0,0,0,0,0,0,0
lie_down/lie_down_to_067,80,False,0,0,0,5:27 6:30 14:23,0,0,0,0,0,0,0,0,0,0,0,0
lie_down/lie_down_to_070,80,False,0,0,0,5:18 6:62,0,0,0,0,0,0,0,0,0,0,0,0
lie_down/lie_down_to_096,80,False,0,0,0,5:56 6:24,0,0,0,0,0,0,0,0,0,0,0,0
lie_down/lie_down_to_136,80,False,0,0,0,5:47 6:33,0,0,0,0,0,0,0,0,0,0,0,0
lie_down/lie_down_to_147,80,False,0,0,0,4:24 5:21 6:35,0,0,0,0,0,0,0,0,0,0,0,0
lie_down/lie_down_to_189,80,False,0,0,0,3:43 4:37,0,0,0,0,0,0,0,0,0,0,0,0
lie_down/lie_down_yo_005,80,False,0,0,0,5:59 6:21,0,0,0,0,0,0,0,0,0,0,0,0
lie_down/lie_down_yo_033,80,False,0,0,0,5:80,0,0,0,0,0,0,0,0,0,0,0,0
lie_down/lie_down_yo_042,80,False,0,0,0,5:36 6:44,0,0,0,0,0,0,0,0,0,0,0,0
lie_down/lie_down_yo_044,80,False,0,0,0,5:32 6:48,0,0,0,0,0,0,0,0,0,0,0,0
lie_down/lie_down_yo_051,80,False,0,0,0,5:80,0,0,0,0,0,0,0,0,0,0,0,0
lie_down/lie_down_yo_057,80,False,0,0,0,5:27 6:53,0,0,0,0,0,0,0,0,0,0,0,0
lie_down/lie_down_yo_058,80,False,0,0,0,5:56 6:24,0,0,0,0,0,0,0,0,0,0,0,0
lie_down/lie_down_yo_071,80,False,0,0,0,5:72 6:8,0,0,0,0,0,0,0,0,0,0,0,0
lie_down/lie_down_yo_076,80,False,0,0,0,3:30 5:44 6:6,0,0,0,0,0,0,0,0,0,0,0,0
lie_down/lie_down_yo_084,80,False,0,0,0,5:51 6:29,0,0,0,0,0,0,0,0,0,0,0,0
lie_down/lie_down_yo_093,80,False,0,0,0,5:14 6:66,0,0,0,0,0,0,0,0,0,0,0,0
lie_down/lie_down_yo_102,80,False,0,0,0,5:64 6:16,0,0,0,0,0,0,0,0,0,0,0,0
lie_down/lie_down_yo_111,80,False,0,0,0,5:54 6:26,0,0,0,0,0,0,0,0,0,0,0,0
lie_down/lie_down_yo_128,80,False,0,0,0,5:28 6:52,0,0,0,0,0,0,0,0,0,0,0,0
lie_down/lie_down_yo_146,80,False,2,0,2,3:27 5:19 6:34,0,0,0,0,2,0,0,0,0,0,0,0
lie_down/lie_down_yo_167,80,False,0,0,0,5:49 6:5 7:12 11:14,0,0,0,0,0,0,0,0,0,0,0,0
lie_down/lie_down_yo_172,80,False,0,0,0,5:22 6:58,0,0,0,0,0,0,0,0,0,0,0,0
lie_down/lie_down_yo_183,80,False,0,0,0,5:37 6:29 7:14,0,0,0,0,0,0,0,0,0,0,0,0
lie_down/lie_down_yo_186,80,False,0,0,0,5:18 6:62,0,0,0,0,0,0,0,0,0,0,0,0
lie_down/lie_down_yo_199,80,False,0,0,0,5:80,0,0,0,0,0,0,0,0,0,0,0,0
lying/lying_ch_009,80,False,0,0,0,6:80,0,0,0,0,0,0,0,0,0,0,0,0
lying/lying_ch_014,80,False,0,0,0,6:80,0,0,0,0,0,0,0,0,0,0,0,0
lying/lying_ch_031,80,False,0,0,0,6:80,0,0,0,0,0,0,0,0,0,0,0,0
lying/lying_ch_045,80,False,0,0,0,6:80,0,0,0,0,0,0,0,0,0,0,0,0
lying/lying_ch_053,80,False,0,0,0,6:80,0,0,0,0,0,0,0,0,0,0,0,0
lying/lying_ch_058,80,False,0,0,0,6:80,0,0,0,0,0,0,0,0,0,0,0,0
lying/lying_ch_074,80,False,0,0,0,6:80,0,0,0,0,0,0,0,0,0,0,0,0
lying/lying_ch_081,80,False,0,0,0,6:80,0,0,0,0,0,0,0,0,0,0,0,0
lying/lying_ch_082,80,False,0,0,0,6:80,0,0,0,0,0,0,0,0,0,0,0,0
lying/lying_ch_098,80,False,0,0,0,6:80,0,0,0,0,0,0,0,0,0,0,0,0
lying/lying_ch_128,80,False,0,0,0,6:80,0,0,0,0,0,0,0,0,0,0,0,0
lying/lying_ch_134,80,False,0,0,0,6:80,0,0,0,0,0,0,0,0,0,0,0,0
lying/lying_ch_151,80,False,0,0,0,6:80,0,0,0,0,0,0,0,0,0,0,0,0
lying/lying_ch_153,80,False,0,0,0,6:80,0,0,0,0,0,0,0,0,0,0,0,0
lying/lying_ch_171,80,False,0,0,0,6:80,0,0,0,0,0,0,0,0,0,0,0,0
lying/lying_ch_178,80,False,0,0,0,6:80,0,0,0,0,0,0,0,0,0,0,0,0
lying/lying_ch_189,80,False,0,0,0,6:80,0,0,0,0,0,0,0,0,0,0,0,0
lying/lying_ch_193,80,False,0,0,0,6:80,0,0,0,0,0,0,0,0,0,0,0,0
lying/lying_el_012,80,False,0,0,0,6:80,0,0,0,0,0,0,0,0,0,0,0,0
lying/lying_el_015,80,False,0,0,0,6:80,0,0,0,0,0,0,0,0,0,0,0,0
lying/lying_el_025,80,False,0,0,0,6:80,0,0,0,0,0,0,0,0,0,0,0,0
lying/lying_el_027,80,False,0,0,0,6:80,0,0,0,0,0,0,0,0,0,0,0,0
lying/lying_el_047,80,False,0,0,0,6:80,0,0,0,0,0,0,0,0,0,0,0,0
lying/lying_el_049,80,False,0,0,0,6:80,0,0,0,0,0,0,0,0,0,0,0,0
lying/lying_el_054,80,False,0,0,0,6:80,0,0,0,0,0,0,0,0,0,0,0,0
lying/lying_el_073,80,False,0,0,0,6:80,0,0,0,0,0,0,0,0,0,0,0,0
lying/lying_el_079,80,False,0,0,0,6:80,0,0,0,0,0,0,0,0,0,0,0,0
lying/lying_el_100,80,False,0,0,0,6:80,0,0,0,0,0,0,0,0,0,0,0,0
lying/lying_el_109,80,False,0,0,0,6:80,0,0,0,0,0,0,0,0,0,0,0,0
lying/lying_el_113,80,False,0,0,0,6:80,0,0,0,0,0,0,0,0,0,0,0,0
lying/lying_el_120,80,False,0,0,0,6:80,0,0,0,0,0,0,0,0,0,0,0,0
lying/lying_el_121,80,False,0,0,0,6:80,0,0,0,0,0,0,0,0,0,0,0,0
lying/lying_el_124,80,False,0,0,0,6:80,0,0,0,0,0,0,0,0,0,0,0,0
lying/lying_el_130,80,False,0,0,0,6:80,0,0,0,0,0,0,0,0,0,0,0,0
lying/lying_el_138,80,False,0,0,0,6:80,0,0,0,0,0,0,0,0,0,0,0,0
lying/lying_el_147,80,False,0,0,0,6:80,0,0,0,0,0,0,0,0,0,0,0,0
lying/lying_el_155,80,False,0,0,0,6:80,0,0,0,0,0,0,0,0,0,0,0,0
lying/lying_el_179,80,False,0,0,0,6:80,0,0,0,0,0,0,0,0,0,0,0,0
lying/lying_el_182,80,False,0,0,0,6:80,0,0,0,0,0,0,0,0,0,0,0,0
lying/lying_el_187,80,False,0,0,0,6:80,0,0,0,0,0,0,0,0,0,0,0,0
lying/lying_el_194,80,False,0,0,0,6:80,0,0,0,0,0,0,0,0,0,0,0,0
lying/lying_el_196,80,False,0,0,0,6:80,0,0,0,0,0,0,0,0,0,0,0,0
lying/lying_el_198,80,False,0,0,0,6:80,0,0,0,0,0,0,0,0,0,0,0,0
lying/lying_mi_003,80,False,0,0,0,6:80,0,0,0,0,0,0,0,0,0,0,0,0
lying/lying_mi_011,80,False,0,0,0,6:80,0,0,0,0,0,0,0,0,0,0,0,0
lying/lying_mi_012,80,False,0,0,0,6:80,0,0,0,0,0,0,0,0,0,0,0,0
lying/lying_mi_023,80,False,0,0,0,6:80,0,0,0,0,0,0,0,0,0,0,0,0
lying/lying_mi_034,80,False,0,0,0,6:80,0,0,0,0,0,0,0,0,0,0,0,0
lying/lying_mi_041,80,False,0,0,0,6:80,0,0,0,0,0,0,0,0,0,0,0,0
lying/lying_mi_051,80,False,0,0,0,6:80,0,0,0,0,0,0,0,0,0,0,0,0
lying/lying_mi_052,80,False,0,0,0,6:80,0,0,0,0,0,0,0,0,0,0,0,0
lying/lying_mi_062,80,False,0,0,0,6:80,0,0,0,0,0,0,0,0,0,0,0,0
lying/lying_mi_066,80,False,0,0,0,6:80,0,0,0,0,0,0,0,0,0,0,0,0
lying/lying_mi_067,80,False,0,0,0,6:80,0,0,0,0,0,0,0,0,0,0,0,0
lying/lying_mi_074,80,False,0,0,0,6:80,0,0,0,0,0,0,0,0,0,0,0,0
lying/lying_mi_083,80,False,0,0,0,6:80,0,0,0,0,0,0,0,0,0,0,0,0
lying/lying_mi_089,80,False,0,0,0,6:80,0,0,0,0,0,0,0,0,0,0,0,0
lying/lying_mi_103,80,False,0,0,0,6:80,0,0,0,0,0,0,0,0,0,0,0,0
lying/lying_mi_115,80,False,0,0,0,6:80,0,0,0,0,0,0,0,0,0,0,0,0
lying/lying_mi_119,80,False,0,0,0,6:80,0,0,0,0,0,0,0,0,0,0,0,0
lying/lying_mi_120,80,False,0,0,0,6:80,0,0,0,0,0,0,0,0,0,0,0,0
lying/lying_mi_136,80,False,0,0,0,6:80,0,0,0,0,0,0,0,0,0,0,0,0
lying/lying_mi_137,80,False,0,0,0,6:80,0,0,0,0,0,0,0,0,0,0,0,0
lying/lying_mi_174,80,False,0,0,0,6:80,0,0,0,0,0,0,0,0,0,0,0,0
lying/lying_te_033,80,False,0,0,0,6:80,0,0,0,0,0,0,0,0,0,0,0,0
lying/lying_te_047,80,False,0,0,0,6:80,0,0,0,0,0,0,0,0,0,0,0,0
lying/lying_te_073,80,False,0,0,0,6:80,0,0,0,0,0,0,0,0,0,0,0,0
lying/lying_te_080,80,False,0,0,0,6:80,0,0,0,0,0,0,0,0,0,0,0,0
lying/lying_te_092,80,False,0,0,0,6:80,0,0,0,0,0,0,0,0,0,0,0,0
lying/lying_te_116,80,False,0,0,0,6:80,0,0,0,0,0,0,0,0,0,0,0,0
lying/lying_te_126,80,False,0,0,0,6:80,0,0,0,0,0,0,0,0,0,0,0,0
lying/lying_te_134,80,False,0,0,0,6:80,0,0,0,0,0,0,0,0,0,0,0,0
lying/lying_te_135,80,False,0,0,0,6:80,0,0,0,0,0,0,0,0,0,0,0,0
lying/lying_te_136,80,False,0,0,0,6:80,0,0,0,0,0,0,0,0,0,0,0,0
lying/lying_te_143,80,False,0,0,0,6:80,0,0,0,0,0,0,0,0,0,0,0,0
lying/lying_te_146,80,False,0,0,0,6:80,0,0,0,0,0,0,0,0,0,0,0,0
lying/lying_te_150,80,False,0,0,0,6:80,0,0,0,0,0,0,0,0,0,0,0,0
lying/lying_te_152,80,False,0,0,0,6:80,0,0,0,0,0,0,0,0,0,0,0,0
lying/lying_te_153,80,False,0,0,0,6:80,0,0,0,0,0,0,0,0,0,0,0,0
lying/lying_te_172,80,False,0,0,0,6:80,0,0,0,0,0,0,0,0,0,0,0,0
lying/lying_te_178,80,False,0,0,0,6:80,0,0,0,0,0,0,0,0,0,0,0,0
lying/lying_te_187,80,False,0,0,0,6:80,0,0,0,0,0,0,0,0,0,0,0,0
lying/lying_to_016,80,False,0,0,0,6:80,0,0,0,0,0,0,0,0,0,0,0,0
lying/lying_to_023,80,False,0,0,0,6:80,0,0,0,0,0,0,0,0,0,0,0,0
lying/lying_to_026,80,False,0,0,0,6:80,0,0,0,0,0,0,0,0,0,0,0,0
lying/lying_to_052,80,False,0,0,0,6:80,0,0,0,0,0,0,0,0,0,0,0,0
lying/lying_to_061,80,False,0,0,0,6:80,0,0,0,0,0,0,0,0,0,0,0,0
lying/lying_to_063,80,False,0,0,0,6:80,0,0,0,0,0,0,0,0,0,0,0,0
lying/lying_to_072,80,False,0,0,0,6:80,0,0,0,0,0,0,0,0,0,0,0,0
lying/lying_to_080,80,False,0,0,0,6:80,0,0,0,0,0,0,0,0,0,0,0,0
lying/lying_to_100,80,False,0,0,0,6:80,0,0,0,0,0,0,0,0,0,0,0,0
lying/lying_to_134,80,False,0,0,0,6:80,0,0,0,0,0,0,0,0,0,0,0,0
lying/lying_to_144,80,False,0,0,0,6:80,0,0,0,0,0,0,0,0,0,0,0,0
lying/lying_to_153,80,False,0,0,0,6:80,0,0,0,0,0,0,0,0,0,0,0,0
lying/lying_to_155,80,False,0,0,0,6:80,0,0,0,0,0,0,0,0,0,0,0,0
lying/lying_to_158,80,False,0,0,0,6:80,0,0,0,0,0,0,0,0,0,0,0,0
lying/lying_to_159,80,False,0,0,0,6:80,0,0,0,0,0,0,0,0,0,0,0,0
lying/lying_to_163,80,False,0,0,0,6:80,0,0,0,0,0,0,0,0,0,0,0,0
lying/lying_to_164,80,False,0,0,0,6:80,0,0,0,0,0,0,0,0,0,0,0,0
lying/lying_to_165,80,False,0,0,0,6:80,0,0,0,0,0,0,0,0,0,0,0,0
lying/lying_to_170,80,False,0,0,0,6:80,0,0,0,0,0,0,0,0,0,0,0,0
lying/lying_to_174,80,False,0,0,0,6:80,0,0,0,0,0,0,0,0,0,0,0,0
lying/lying_to_182,80,False,0,0,0,6:80,0,0,0,0,0,0,0,0,0,0,0,0
lying/lying_yo_017,80,False,0,0,0,6:80,0,0,0,0,0,0,0,0,0,0,0,0
lying/lying_yo_033,80,False,0,0,0,6:80,0,0,0,0,0,0,0,0,0,0,0,0
lying/lying_yo_035,80,False,0,0,0,6:80,0,0,0,0,0,0,0,0,0,0,0,0
lying/lying_yo_037,80,False,0,0,0,6:80,0,0,0,0,0,0,0,0,0,0,0,0
lying/lying_yo_050,80,False,0,0,0,6:80,0,0,0,0,0,0,0,0,0,0,0,0
lying/lying_yo_059,80,False,0,0,0,6:80,0,0,0,0,0,0,0,0,0,0,0,0
lying/lying_yo_070,80,False,0,0,0,6:80,0,0,0,0,0,0,0,0,0,0,0,0
lying/lying_yo_074,80,False,0,0,0,6:80,0,0,0,0,0,0,0,0,0,0,0,0
lying/lying_yo_082,80,False,0,0,0,6:80,0,0,0,0,0,0,0,0,0,0,0,0
lying/lying_yo_109,80,False,0,0,0,6:80,0,0,0,0,0,0,0,0,0,0,0,0
lying/lying_yo_120,80,False,0,0,0,6:80,0,0,0,0,0,0,0,0,0,0,0,0
lying/lying_yo_121,80,False,0,0,0,6:80,0,0,0,0,0,0,0,0,0,0,0,0
lying/lying_yo_123,80,False,0,0,0,6:80,0,0,0,0,0,0,0,0,0,0,0,0
lying/lying_yo_129,80,False,0,0,0,6:80,0,0,0,0,0,0,0,0,0,0,0,0
lying/lying_yo_142,80,False,0,0,0,6:80,0,0,0,0,0,0,0,0,0,0,0,0
lying/lying_yo_172,80,False,0,0,0,6:80,0,0,0,0,0,0,0,0,0,0,0,0
lying/lying_yo_182,80,False,0,0,0,6:80,0,0,0,0,0,0,0,0,0,0,0,0
lying/lying_yo_187,80,False,0,0,0,6:80,0,0,0,0,0,0,0,0,0,0,0,0
other/other_ch_004,80,False,0,0,0,9:80,0,0,0,0,0,0,0,0,0,0,0,0
other/other_ch_007,80,False,0,0,0,13:80,0,0,0,0,0,0,0,0,0,0,0,0
other/other_ch_009,80,False,0,0,0,9:80,0,0,0,0,0,0,0,0,0,0,0,0
other/other_ch_021,80,False,0,0,0,9:80,0,0,0,0,0,0,0,0,0,0,0,0
other/other_ch_045,80,False,0,0,0,9:80,0,0,0,0,0,0,0,0,0,0,0,0
other/other_ch_054,80,False,0,0,0,9:80,0,0,0,0,0,0,0,0,0,0,0,0
other/other_ch_062,80,False,0,0,0,9:80,0,0,0,0,0,0,0,0,0,0,0,0
other/other_ch_072,80,False,0,0,0,9:80,0,0,0,0,0,0,0,0,0,0,0,0
other/other_ch_090,80,False,0,0,0,15:80,0,0,0,0,0,0,0,0,0,0,0,0
other/other_ch_093,80,False,0,0,0,9:80,0,0,0,0,0,0,0,0,0,0,0,0
other/other_ch_106,80,False,0,0,0,9:80,0,0,0,0,0,0,0,0,0,0,0,0
other/other_ch_107,80,False,0,0,0,9:80,0,0,0,0,0,0,0,0,0,0,0,0
other/other_ch_116,80,False,0,0,0,9:80,0,0,0,0,0,0,0,0,0,0,0,0
other/other_ch_121,80,False,0,0,0,9:80,0,0,0,0,0,0,0,0,0,0,0,0
other/other_ch_131,80,False,0,0,0,9:80,0,0,0,0,0,0,0,0,0,0,0,0
other/other_ch_142,80,False,0,0,0,9:80,0,0,0,0,0,0,0,0,0,0,0,0
other/other_ch_153,80,False,0,0,0,11:80,0,0,0,0,0,0,0,0,0,0,0,0
other/other_ch_157,80,False,0,0,0,9:80,0,0,0,0,0,0,0,0,0,0,0,0
other/other_ch_179,80,False,0,0,0,9:80,0,0,0,0,0,0,0,0,0,0,0,0
other/other_ch_183,80,False,0,0,0,9:80,0,0,0,0,0,0,0,0,0,0,0,0
other/other_el_001,80,False,0,0,0,9:80,0,0,0,0,0,0,0,0,0,0,0,0
other/other_el_004,80,False,0,0,0,9:80,0,0,0,0,0,0,0,0,0,0,0,0
other/other_el_017,80,False,0,0,0,9:80,0,0,0,0,0,0,0,0,0,0,0,0
other/other_el_024,80,False,0,0,0,9:80,0,0,0,0,0,0,0,0,0,0,0,0
other/other_el_039,80,False,0,0,0,12:80,0,0,0,0,0,0,0,0,0,0,0,0
other/other_el_040,80,False,0,0,0,9:80,0,0,0,0,0,0,0,0,0,0,0,0
other/other_el_051,80,False,0,0,0,9:80,0,0,0,0,0,0,0,0,0,0,0,0
other/other_el_068,80,False,0,0,0,9:80,0,0,0,0,0,0,0,0,0,0,0,0
other/other_el_086,80,False,0,0,0,9:80,0,0,0,0,0,0,0,0,0,0,0,0
other/other_el_097,80,False,0,0,0,9:80,0,0,0,0,0,0,0,0,0,0,0,0
other/other_el_108,80,False,0,0,0,9:80,0,0,0,0,0,0,0,0,0,0,0,0
other/other_el_112,80,False,0,0,0,9:80,0,0,0,0,0,0,0,0,0,0,0,0
other/other_el_139,80,False,0,0,0,9:80,0,0,0,0,0,0,0,0,0,0,0,0
other/other_el_144,80,False,0,0,0,9:80,0,0,0,0,0,0,0,0,0,0,0,0
other/other_el_154,80,False,0,0,0,9:80,0,0,0,0,0,0,0,0,0,0,0,0
other/other_el_156,80,False,0,0,0,9:80,0,0,0,0,0,0,0,0,0,0,0,0
other/other_el_169,80,False,0,0,0,9:80,0,0,0,0,0,0,0,0,0,0,0,0
other/other_el_170,80,False,0,0,0,9:80,0,0,0,0,0,0,0,0,0,0,0,0
other/other_el_181,80,False,0,0,0,9:80,0,0,0,0,0,0,0,0,0,0,0,0
other/other_el_184,80,False,0,0,0,9:80,0,0,0,0,0,0,0,0,0,0,0,0
other/other_el_189,80,False,0,0,0,9:80,0,0,0,0,0,0,0,0,0,0,0,0
other/other_el_199,80,False,0,0,0,9:80,0,0,0,0,0,0,0,0,0,0,0,0
other/other_mi_014,80,False,0,0,0,9:80,0,0,0,0,0,0,0,0,0,0,0,0
other/other_mi_039,80,False,0,0,0,9:80,0,0,0,0,0,0,0,0,0,0,0,0
other/other_mi_061,80,False,0,0,0,9:80,0,0,0,0,0,0,0,0,0,0,0,0
other/other_mi_073,80,False,0,0,0,9:80,0,0,0,0,0,0,0,0,0,0,0,0
other/other_mi_080,80,False,0,0,0,9:80,0,0,0,0,0,0,0,0,0,0,0,0
other/other_mi_081,80,False,0,0,0,9:80,0,0,0,0,0,0,0,0,0,0,0,0
other/other_mi_097,80,False,0,0,0,9:80,0,0,0,0,0,0,0,0,0,0,0,0
other/other_mi_114,80,False,0,0,0,9:80,0,0,0,0,0,0,0,0,0,0,0,0
other/other_mi_115,80,False,0,0,0,9:80,0,0,0,0,0,0,0,0,0,0,0,0
other/other_mi_126,80,False,0,0,0,9:80,0,0,0,0,0,0,0,0,0,0,0,0
other/other_mi_145,80,False,0,0,0,9:80,0,0,0,0,0,0,0,0,0,0,0,0
other/other_mi_156,80,False,0,0,0,9:80,0,0,0,0,0,0,0,0,0,0,0,0
other/other_mi_179,80,False,0,0,0,9:80,0,0,0,0,0,0,0,0,0,0,0,0
other/other_mi_184,80,False,0,0,0,9:80,0,0,0,0,0,0,0,0,0,0,0,0
other/other_te_004,80,False,0,0,0,9:80,0,0,0,0,0,0,0,0,0,0,0,0
other/other_te_010,80,False,0,0,0,9:80,0,0,0,0,0,0,0,0,0,0,0,0
other/other_te_014,80,False,0,0,0,9:80,0,0,0,0,0,0,0,0,0,0,0,0
other/other_te_020,80,False,0,0,0,9:80,0,0,0,0,0,0,0,0,0,0,0,0
other/other_te_022,80,False,0,0,0,11:80,0,0,0,0,0,0,0,0,0,0,0,0
other/other_te_026,80,False,0,0,0,9:80,0,0,0,0,0,0,0,0,0,0,0,0
other/other_te_040,80,False,0,0,0,9:80,0,0,0,0,0,0,0,0,0,0,0,0
other/other_te_043,80,False,0,0,0,0:80,0,0,0,0,0,0,0,0,0,0,0,0
other/other_te_047,80,False,0,0,0,9:80,0,0,0,0,0,0,0,0,0,0,0,0
other/other_te_061,80,False,0,0,0,9:80,0,0,0,0,0,0,0,0,0,0,0,0
other/other_te_065,80,False,0,0,0,9:80,0,0,0,0,0,0,0,0,0,0,0,0
other/other_te_092,80,False,0,0,0,9:80,0,0,0,0,0,0,0,0,0,0,0,0
other/other_te_103,80,False,0,0,0,8:80,0,0,0,0,0,0,0,0,0,0,0,0
other/other_te_108,80,False,0,0,0,9:80,0,0,0,0,0,0,0,0,0,0,0,0
other/other_te_112,80,False,0,0,0,0:33 7:30 8:17,0,0,0,0,0,0,0,0,0,0,0,0
other/other_te_115,80,False,0,0,0,9:80,0,0,0,0,0,0,0,0,0,0,0,0
other/other_te_130,80,False,0,0,0,9:80,0,0,0,0,0,0,0,0,0,0,0,0
other/other_te_140,80,False,0,0,0,9:80,0,0,0,0,0,0,0,0,0,0,0,0
other/other_te_147,80,False,0,0,0,9:80,0,0,0,0,0,0,0,0,0,0,0,0
other/other_te_160,80,False,0,0,0,8:25 12:55,0,0,0,0,0,0,0,0,0,0,0,0
other/other_te_169,80,False,0,0,0,9:80,0,0,0,0,0,0,0,0,0,0,0,0
other/other_te_174,80,False,0,0,0,9:80,0,0,0,0,0,0,0,0,0,0,0,0
other/other_te_175,80,False,0,0,0,7:26 8:27 12:27,0,0,0,0,0,0,0,0,0,0,0,0
other/other_te_177,80,False,0,0,0,9:80,0,0,0,0,0,0,0,0,0,0,0,0
other/other_te_183,80,False,0,0,0,9:80,0,0,0,0,0,0,0,0,0,0,0,0
other/other_te_191,80,False,0,0,0,9:80,0,0,0,0,0,0,0,0,0,0,0,0
other/other_to_018,80,False,0,0,0,9:80,0,0,0,0,0,0,0,0,0,0,0,0
other/other_to_033,80,False,0,0,0,9:80,0,0,0,0,0,0,0,0,0,0,0,0
other/other_to_036,80,False,0,0,0,14:80,0,0,0,0,0,0,0,0,0,0,0,0
other/other_to_055,80,False,0,0,0,9:80,0,0,0,0,0,0,0,0,0,0,0,0
other/other_to_064,80,False,0,0,0,9:80,0,0,0,0,0,0,0,0,0,0,0,0
other/other_to_089,80,False,0,0,0,14:80,0,0,0,0,0,0,0,0,0,0,0,0
other/other_to_119,80,False,0,0,0,9:80,0,0,0,0,0,0,0,0,0,0,0,0
other/other_to_129,80,False,0,0,0,9:80,0,0,0,0,0,0,0,0,0,0,0,0
other/other_to_134,80,False,0,0,0,9:80,0,0,0,0,0,0,0,0,0,0,0,0
other/other_to_154,80,False,0,0,0,9:80,0,0,0,0,0,0,0,0,0,0,0,0
other/other_to_165,80,False,0,0,0,9:80,0,0,0,0,0,0,0,0,0,0,0,0
other/other_to_195,80,False,0,0,0,9:80,0,0,0,0,0,0,0,0,0,0,0,0
other/other_yo_005,80,False,0,0,0,14:80,0,0,0,0,0,0,0,0,0,0,0,0
other/other_yo_021,80,False,0,0,0,15:80,0,0,0,0,0,0,0,0,0,0,0,0
other/other_yo_063,80,False,0,0,0,9:80,0,0,0,0,0,0,0,0,0,0,0,0
other/other_yo_082,80,False,0,0,0,15:80,0,0,0,0,0,0,0,0,0,0,0,0
other/other_yo_113,80,False,0,0,0,9:80,0,0,0,0,0,0,0,0,0,0,0,0
other/other_yo_126,80,False,0,0,0,9:80,0,0,0,0,0,0,0,0,0,0,0,0
other/other_yo_135,80,False,0,0,0,9:80,0,0,0,0,0,0,0,0,0,0,0,0
other/other_yo_148,80,False,0,0,0,9:80,0,0,0,0,0,0,0,0,0,0,0,0
other/other_yo_168,80,False,0,0,0,0:80,0,0,0,0,0,0,0,0,0,0,0,0
other/other_yo_175,80,False,0,0,0,9:80,0,0,0,0,0,0,0,0,0,0,0,0
other/other_yo_178,80,False,0,0,0,15:80,0,0,0,0,0,0,0,0,0,0,0,0
sit_down/sit_down_ch_044,80,False,0,0,0,3:26 4:54,0,0,0,0,0,0,0,0,0,0,0,0
sit_down/sit_down_ch_047,80,False,0,0,0,3:22 4:10 9:48,0,0,0,0,0,0,0,0,0,0,0,0
sit_down/sit_down_ch_050,80,False,0,0,0,3:29 4:51,0,0,0,0,0,0,0,0,0,0,0,0
sit_down/sit_down_ch_055,80,False,0,0,0,3:32 4:30 8:18,0,0,0,0,0,0,0,0,0,0,0,0
sit_down/sit_down_ch_066,80,False,0,0,0,3:26 4:54,0,0,0,0,0,0,0,0,0,0,0,0
sit_down/sit_down_ch_072,80,False,0,0,0,3:21 4:49 8:10,0,0,0,0,0,0,0,0,0,0,0,0
sit_down/sit_down_ch_119,80,False,0,0,0,3:35 4:45,0,0,0,0,0,0,0,0,0,0,0,0
sit_down/sit_down_ch_127,80,False,0,0,0,0:16 3:36 4:28,0,0,0,0,0,0,0,0,0,0,0,0
sit_down/sit_down_ch_181,80,False,0,0,0,3:52 4:28,0,0,0,0,0,0,0,0,0,0,0,0
sit_down/sit_down_el_002,80,False,0,0,0,3:32 4:48,0,0,0,0,0,0,0,0,0,0,0,0
sit_down/sit_down_el_010,80,False,0,0,0,3:6 4:74,0,0,0,0,0,0,0,0,0,0,0,0
sit_down/sit_down_el_012,80,False,0,0,0,3:53 4:27,0,0,0,0,0,0,0,0,0,0,0,0
sit_down/sit_down_el_017,80,False,0,0,0,3:44 4:36,0,0,0,0,0,0,0,0,0,0,0,0
sit_down/sit_down_el_025,80,False,0,0,0,3:57 4:23,0,0,0,0,0,0,0,0,0,0,0,0
sit_down/sit_down_el_027,80,False,0,0,0,3:51 4:29,0,0,0,0,0,0,0,0,0,0,0,0
sit_down/sit_down_el_028,80,False,0,0,0,3:80,0,0,0,0,0,0,0,0,0,0,0,0
sit_down/sit_down_el_033,80,False,0,0,0,3:39 4:41,0,0,0,0,0,0,0,0,0,0,0,0
sit_down/sit_down_el_047,80,False,0,0,0,3:42 4:38,0,0,0,0,0,0,0,0,0,0,0,0
sit_down/sit_down_el_053,80,False,0,0,0,3:32 4:48,0,0,0,0,0,0,0,0,0,0,0,0
sit_down/sit_down_el_068,80,False,0,0,0,3:25 4:55,0,0,0,0,0,0,0,0,0,0,0,0
sit_down/sit_down_el_075,80,False,0,0,0,3:50 4:30,0,0,0,0,0,0,0,0,0,0,0,0
sit_down/sit_down_el_076,80,False,0,0,0,3:30 4:50,0,0,0,0,0,0,0,0,0,0,0,0
sit_down/sit_down_el_085,80,False,0,0,0,3:47 4:33,0,0,0,0,0,0,0,0,0,0,0,0
sit_down/sit_down_el_092,80,False,0,0,0,3:41 4:39,0,0,0,0,0,0,0,0,0,0,0,0
sit_down/sit_down_el_105,80,False,0,0,0,3:27 4:53,0,0,0,0,0,0,0,0,0,0,0,0
sit_down/sit_down_el_126,80,False,0,0,0,3:33 4:47,0,0,0,0,0,0,0,0,0,0,0,0
sit_down/sit_down_el_172,80,False,0,0,0,3:39 4:41,0,0,0,0,0,0,0,0,0,0,0,0
sit_down/sit_down_el_182,80,False,0,0,0,3:48 4:32,0,0,0,0,0,0,0,0,0,0,0,0
sit_down/sit_down_el_190,80,False,0,0,0,3:31 4:49,0,0,0,0,0,0,0,0,0,0,0,0
sit_down/sit_down_el_197,80,False,0,0,0,3:34 4:46,0,0,0,0,0,0,0,0,0,0,0,0
sit_down/sit_down_mi_056,80,False,0,0,0,3:22 4:58,0,0,0,0,0,0,0,0,0,0,0,0
sit_down/sit_down_mi_083,80,False,0,0,0,3:41 4:39,0,0,0,0,0,0,0,0,0,0,0,0
sit_down/sit_down_mi_085,80,False,0,0,0,3:51 4:29,0,0,0,0,0,0,0,0,0,0,0,0
sit_down/sit_down_mi_099,80,False,0,0,0,3:40 4:40,0,0,0,0,0,0,0,0,0,0,0,0
sit_down/sit_down_mi_113,80,False,0,0,0,0:37 3:21 4:22,0,0,0,0,0,0,0,0,0,0,0,0
sit_down/sit_down_mi_129,80,False,0,0,0,0:38 3:21 4:21,0,0,0,0,0,0,0,0,0,0,0,0
sit_down/sit_down_mi_138,80,False,0,0,0,3:26 4:54,0,0,0,0,0,0,0,0,0,0,0,0
sit_down/sit_down_mi_144,80,False,0,0,0,3:44 4:36,0,0,0,0,0,0,0,0,0,0,0,0
sit_down/sit_down_mi_148,80,False,0,0,0,3:40 4:40,0,0,0,0,0,0,0,0,0,0,0,0
sit_down/sit_down_mi_149,80,False,0,0,0,3:38 4:42,0,0,0,0,0,0,0,0,0,0,0,0
sit_down/sit_down_mi_162,80,False,0,0,0,3:26 4:54,0,0,0,0,0,0,0,0,0,0,0,0
sit_down/sit_down_mi_166,80,False,0,0,0,3:46 4:34,0,0,0,0,0,0,0,0,0,0,0,0
sit_down/sit_down_mi_171,80,False,0,0,0,3:33 4:47,0,0,0,0,0,0,0,0,0,0,0,0
sit_down/sit_down_mi_173,80,False,0,0,0,0:23 3:38 4:19,0,0,0,0,0,0,0,0,0,0,0,0
sit_down/sit_down_mi_193,80,False,0,0,0,3:30 4:50,0,0,0,0,0,0,0,0,0,0,0,0
sit_down/sit_down_mi_197,80,False,0,0,0,3:45 4:35,0,0,0,0,0,0,0,0,0,0,0,0
sit_down/sit_down_te_023,80,False,0,0,0,3:45 4:35,0,0,0,0,0,0,0,0,0,0,0,0
sit_down/sit_down_te_025,80,False,0,0,0,3:21 4:38 8:21,0,0,0,0,0,0,0,0,0,0,0,0
sit_down/sit_down_te_054,80,False,0,0,0,3:30 4:50,0,0,0,0,0,0,0,0,0,0,0,0
sit_down/sit_down_te_059,80,False,0,0,0,3:31 4:49,0,0,0,0,0,0,0,0,0,0,0,0
sit_down/sit_down_te_070,80,False,0,0,0,0:18 3:48 4:13 9:1,0,0,0,0,0,0,0,0,0,0,0,0
sit_down/sit_down_te_079,80,False,0,0,0,3:33 4:47,0,0,0,0,0,0,0,0,0,0,0,0
sit_down/sit_down_te_085,80,False,0,0,0,3:20 4:60,0,0,0,0,0,0,0,0,0,0,0,0
sit_down/sit_down_te_091,80,False,0,0,0,3:36 4:44,0,0,0,0,0,0,0,0,0,0,0,0
sit_down/sit_down_te_092,80,False,0,0,0,3:43 4:37,0,0,0,0,0,0,0,0,0,0,0,0
sit_down/sit_down_te_094,80,False,0,0,0,3:48 4:32,0,0,0,0,0,0,0,0,0,0,0,0
sit_down/sit_down_te_131,80,False,0,0,0,3:58 4:22,0,0,0,0,0,0,0,0,0,0,0,0
sit_down/sit_down_te_136,80,False,0,0,0,3:40 4:40,0,0,0,0,0,0,0,0,0,0,0,0
sit_down/sit_down_te_145,80,False,0,0,0,3:67 4:13,0,0,0,0,0,0,0,0,0,0,0,0
sit_down/sit_down_te_146,80,False,0,0,0,3:34 4:46,0,0,0,0,0,0,0,0,0,0,0,0
sit_down/sit_down_te_156,80,False,0,0,0,3:35 4:45,0,0,0,0,0,0,0,0,0,0,0,0
sit_down/sit_down_te_171,80,False,0,0,0,3:45 4:35,0,0,0,0,0,0,0,0,0,0,0,0
sit_down/sit_down_te_191,80,False,0,0,0,3:53 4:27,0,0,0,0,0,0,0,0,0,0,0,0
sit_down/sit_down_te_198,80,False,0,0,0,3:26 4:54,0,0,0,0,0,0,0,0,0,0,0,0
sit_down/sit_down_te_199,80,False,0,0,0,3:20 4:60,0,0,0,0,0,0,0,0,0,0,0,0
sit_down/sit_down_to_013,80,False,0,0,0,3:28 4:52,0,0,0,0,0,0,0,0,0,0,0,0
sit_down/sit_down_to_019,80,False,0,0,0,3:19 4:61,0,0,0,0,0,0,0,0,0,0,0,0
sit_down/sit_down_to_066,80,False,0,0,0,3:49 4:31,0,0,0,0,0,0,0,0,0,0,0,0
sit_down/sit_down_to_069,80,False,0,0,0,3:24 4:26 8:30,0,0,0,0,0,0,0,0,0,0,0,0
sit_down/sit_down_to_074,80,False,0,0,0,3:19 4:61,0,0,0,0,0,0,0,0,0,0,0,0
sit_down/sit_down_to_084,80,False,0,0,0,3:27 4:53,0,0,0,0,0,0,0,0,0,0,0,0
sit_down/sit_down_to_089,80,False,0,0,0,3:24 4:45 8:11,0,0,0,0,0,0,0,0,0,0,0,0
sit_down/sit_down_to_107,80,False,0,0,0,3:53 4:27,0,0,0,0,0,0,0,0,0,0,0,0
sit_down/sit_down_to_113,80,False,0,0,0,3:35 4:45,0,0,0,0,0,0,0,0,0,0,0,0
sit_down/sit_down_to_117,80,False,0,0,0,3:55 4:25,0,0,0,0,0,0,0,0,0,0,0,0
sit_down/sit_down_to_125,80,False,0,0,0,3:29 4:51,0,0,0,0,0,0,0,0,0,0,0,0
sit_down/sit_down_to_131,80,False,0,0,0,3:47 4:33,0,0,0,0,0,0,0,0,0,0,0,0
sit_down/sit_down_to_140,80,False,0,0,0,3:39 4:41,0,0,0,0,0,0,0,0,0,0,0,0
sit_down/sit_down_to_166,80,False,0,0,0,3:42 4:38,0,0,0,0,0,0,0,0,0,0,0,0
sit_down/sit_down_to_192,80,False,0,0,0,3:28 4:52,0,0,0,0,0,0,0,0,0,0,0,0
sit_down/sit_down_yo_008,80,False,0,0,0,3:25 4:55,0,0,0,0,0,0,0,0,0,0,0,0
sit_down/sit_down_yo_020,80,False,0,0,0,3:28 4:34 8:18,0,0,0,0,0,0,0,0,0,0,0,0
sit_down/sit_down_yo_023,80,False,0,0,0,3:13 4:67,0,0,0,0,0,0,0,0,0,0,0,0
sit_down/sit_down_yo_026,80,False,0,0,0,3:49 4:31,0,0,0,0,0,0,0,0,0,0,0,0
sit_down/sit_down_yo_042,80,False,0,0,0,3:12 4:68,0,0,0,0,0,0,0,0,0,0,0,0
sit_down/sit_down_yo_044,80,False,0,0,0,3:33 4:47,0,0,0,0,0,0,0,0,0,0,0,0
sit_down/sit_down_yo_063,80,False,0,0,0,3:24 4:56,0,0,0,0,0,0,0,0,0,0,0,0
sit_down/sit_down_yo_067,80,False,0,0,0,3:36 4:44,0,0,0,0,0,0,0,0,0,0,0,0
sit_down/sit_down_yo_079,80,False,0,0,0,3:54 4:26,0,0,0,0,0,0,0,0,0,0,0,0
sit_down/sit_down_yo_103,80,False,0,0,0,0:17 3:32 4:31,0,0,0,0,0,0,0,0,0,0,0,0
sit_down/sit_down_yo_111,80,False,0,0,0,3:33 4:30 8:17,0,0,0,0,0,0,0,0,0,0,0,0
sit_down/sit_down_yo_124,80,False,0,0,0,3:51 4:29,0,0,0,0,0,0,0,0,0,0,0,0
sit_down/sit_down_yo_136,80,False,0,0,0,0:14 3:27 4:39,0,0,0,0,0,0,0,0,0,0,0,0
sit_down/sit_down_yo_137,80,False,0,0,0,3:62 4:8 8:10,0,0,0,0,0,0,0,0,0,0,0,0
sit_down/sit_down_yo_141,80,False,0,0,0,0:19 3:38 4:23,0,0,0,0,0,0,0,0,0,0,0,0
sit_down/sit_down_yo_142,80,False,0,0,0,3:28 4:52,0,0,0,0,0,0,0,0,0,0,0,0
sit_down/sit_down_yo_145,80,False,0,0,0,3:33 4:47,0,0,0,0,0,0,0,0,0,0,0,0
sit_down/sit_down_yo_150,80,False,0,0,0,3:36 4:44,0,0,0,0,0,0,0,0,0,0,0,0
sit_down/sit_down_yo_173,80,False,0,0,0,3:27 4:53,0,0,0,0,0,0,0,0,0,0,0,0
sit_down/sit_down_yo_178,80,False,0,0,0,3:38 4:42,0,0,0,0,0,0,0,0,0,0,0,0
sit_down/sit_down_yo_180,80,False,0,0,0,0:18 3:25 4:37,0,0,0,0,0,0,0,0,0,0,0,0
sit_down/sit_down_yo_196,80,False,0,0,0,3:18 4:62,0,0,0,0,0,0,0,0,0,0,0,0
sitting/sitting_ch_007,80,False,0,0,0,4:80,0,0,0,0,0,0,0,0,0,0,0,0
sitting/sitting_ch_014,80,False,0,0,0,4:80,0,0,0,0,0,0,0,0,0,0,0,0
sitting/sitting_ch_017,80,False,0,0,0,4:80,0,0,0,0,0,0,0,0,0,0,0,0
sitting/sitting_ch_039,80,False,0,0,0,4:80,0,0,0,0,0,0,0,0,0,0,0,0
sitting/sitting_ch_040,80,False,0,0,0,4:80,0,0,0,0,0,0,0,0,0,0,0,0
sitting/sitting_ch_043,80,False,0,0,0,4:80,0,0,0,0,0,0,0,0,0,0,0,0
sitting/sitting_ch_045,80,False,0,0,0,4:80,0,0,0,0,0,0,0,0,0,0,0,0
sitting/sitting_ch_046,80,False,0,0,0,4:80,0,0,0,0,0,0,0,0,0,0,0,0
sitting/sitting_ch_052,80,False,0,0,0,4:80,0,0,0,0,0,0,0,0,0,0,0,0
sitting/sitting_ch_061,80,False,0,0,0,4:80,0,0,0,0,0,0,0,0,0,0,0,0
sitting/sitting_ch_070,80,False,0,0,0,4:80,0,0,0,0,0,0,0,0,0,0,0,0
sitting/sitting_ch_106,80,False,0,0,0,4:80,0,0,0,0,0,0,0,0,0,0,0,0
sitting/sitting_ch_117,80,False,0,0,0,4:80,0,0,0,0,0,0,0,0,0,0,0,0
sitting/sitting_ch_143,80,False,0,0,0,4:80,0,0,0,0,0,0,0,0,0,0,0,0
sitting/sitting_ch_151,80,False,0,0,0,0:5 4:52 7:23,0,0,0,0,0,0,0,0,0,0,0,0
sitting/sitting_ch_160,80,False,0,0,0,4:80,0,0,0,0,0,0,0,0,0,0,0,0
sitting/sitting_ch_174,80,False,0,0,0,4:80,0,0,0,0,0,0,0,0,0,0,0,0
sitting/sitting_ch_182,80,False,0,0,0,4:80,0,0,0,0,0,0,0,0,0,0,0,0
sitting/sitting_ch_186,80,False,0,0,0,4:80,0,0,0,0,0,0,0,0,0,0,0,0
sitting/sitting_ch_198,80,False,0,0,0,4:80,0,0,0,0,0,0,0,0,0,0,0,0
sitting/sitting_el_029,80,False,0,0,0,4:80,0,0,0,0,0,0,0,0,0,0,0,0
sitting/sitting_el_034,80,False,0,0,0,4:80,0,0,0,0,0,0,0,0,0,0,0,0
sitting/sitting_el_035,80,False,0,0,0,4:80,0,0,0,0,0,0,0,0,0,0,0,0
sitting/sitting_el_039,80,False,0,0,0,4:80,0,0,0,0,0,0,0,0,0,0,0,0
sitting/sitting_el_050,80,False,0,0,0,4:80,0,0,0,0,0,0,0,0,0,0,0,0
sitting/sitting_el_052,80,False,0,0,0,4:80,0,0,0,0,0,0,0,0,0,0,0,0
sitting/sitting_el_055,80,False,0,0,0,4:80,0,0,0,0,0,0,0,0,0,0,0,0
sitting/sitting_el_061,80,False,0,0,0,4:80,0,0,0,0,0,0,0,0,0,0,0,0
sitting/sitting_el_062,80,False,0,0,0,4:80,0,0,0,0,0,0,0,0,0,0,0,0
sitting/sitting_el_079,80,False,0,0,0,4:80,0,0,0,0,0,0,0,0,0,0,0,0
sitting/sitting_el_084,80,False,0,0,0,4:80,0,0,0,0,0,0,0,0,0,0,0,0
sitting/sitting_el_087,80,False,0,0,0,4:80,0,0,0,0,0,0,0,0,0,0,0,0
sitting/sitting_el_092,80,False,0,0,0,4:80,0,0,0,0,0,0,0,0,0,0,0,0
sitting/sitting_el_109,80,False,0,0,0,4:80,0,0,0,0,0,0,0,0,0,0,0,0
sitting/sitting_el_118,80,False,0,0,0,4:80,0,0,0,0,0,0,0,0,0,0,0,0
sitting/sitting_el_128,80,False,0,0,0,4:80,0,0,0,0,0,0,0,0,0,0,0,0
sitting/sitting_el_133,80,False,0,0,0,4:80,0,0,0,0,0,0,0,0,0,0,0,0
sitting/sitting_el_142,80,False,0,0,0,4:80,0,0,0,0,0,0,0,0,0,0,0,0
sitting/sitting_el_161,80,False,0,0,0,4:80,0,0,0,0,0,0,0,0,0,0,0,0
sitting/sitting_el_165,80,False,0,0,0,4:80,0,0,0,0,0,0,0,0,0,0,0,0
sitting/sitting_el_170,80,False,0,0,0,4:80,0,0,0,0,0,0,0,0,0,0,0,0
sitting/sitting_el_174,80,False,0,0,0,4:80,0,0,0,0,0,0,0,0,0,0,0,0
sitting/sitting_el_180,80,False,0,0,0,4:80,0,0,0,0,0,0,0,0,0,0,0,0
sitting/sitting_mi_012,80,False,0,0,0,4:80,0,0,0,0,0,0,0,0,0,0,0,0
sitting/sitting_mi_013,80,False,0,0,0,4:80,0,0,0,0,0,0,0,0,0,0,0,0
sitting/sitting_mi_014,80,False,0,0,0,4:80,0,0,0,0,0,0,0,0,0,0,0,0
sitting/sitting_mi_017,80,False,0,0,0,4:80,0,0,0,0,0,0,0,0,0,0,0,0
sitting/sitting_mi_020,80,False,0,0,0,4:80,0,0,0,0,0,0,0,0,0,0,0,0
sitting/sitting_mi_034,80,False,0,0,0,4:80,0,0,0,0,0,0,0,0,0,0,0,0
sitting/sitting_mi_052,80,False,0,0,0,4:80,0,0,0,0,0,0,0,0,0,0,0,0
sitting/sitting_mi_058,80,False,0,0,0,4:80,0,0,0,0,0,0,0,0,0,0,0,0
sitting/sitting_mi_069,80,False,0,0,0,4:80,0,0,0,0,0,0,0,0,0,0,0,0
sitting/sitting_mi_080,80,False,0,0,0,4:80,0,0,0,0,0,0,0,0,0,0,0,0
sitting/sitting_mi_091,80,False,0,0,0,3:18 4:62,0,0,0,0,0,0,0,0,0,0,0,0
sitting/sitting_mi_093,80,False,0,0,0,4:80,0,0,0,0,0,0,0,0,0,0,0,0
sitting/sitting_mi_100,80,False,0,0,0,4:80,0,0,0,0,0,0,0,0,0,0,0,0
sitting/sitting_mi_101,80,False,0,0,0,4:80,0,0,0,0,0,0,0,0,0,0,0,0
sitting/sitting_mi_106,80,False,0,0,0,4:80,0,0,0,0,0,0,0,0,0,0,0,0
sitting/sitting_mi_109,80,False,0,0,0,4:80,0,0,0,0,0,0,0,0,0,0,0,0
sitting/sitting_mi_112,80,False,0,0,0,4:80,0,0,0,0,0,0,0,0,0,0,0,0
sitting/sitting_mi_137,80,False,0,0,0,4:80,0,0,0,0,0,0,0,0,0,0,0,0
sitting/sitting_mi_145,80,False,0,0,0,4:80,0,0,0,0,0,0,0,0,0,0,0,0
sitting/sitting_mi_150,80,False,0,0,0,3:15 4:65,0,0,0,0,0,0,0,0,0,0,0,0
sitting/sitting_mi_153,80,False,0,0,0,4:80,0,0,0,0,0,0,0,0,0,0,0,0
sitting/sitting_mi_154,80,False,0,0,0,4:80,0,0,0,0,0,0,0,0,0,0,0,0
sitting/sitting_mi_159,80,False,0,0,0,4:80,0,0,0,0,0,0,0,0,0,0,0,0
sitting/sitting_mi_178,80,False,0,0,0,4:80,0,0,0,0,0,0,0,0,0,0,0,0
sitting/sitting_mi_185,80,False,0,0,0,4:80,0,0,0,0,0,0,0,0,0,0,0,0
sitting/sitting_mi_188,80,False,0,0,0,4:80,0,0,0,0,0,0,0,0,0,0,0,0
sitting/sitting_te_001,80,False,0,0,0,4:80,0,0,0,0,0,0,0,0,0,0,0,0
sitting/sitting_te_012,80,False,0,0,0,4:80,0,0,0,0,0,0,0,0,0,0,0,0
sitting/sitting_te_015,80,False,0,0,0,4:80,0,0,0,0,0,0,0,0,0,0,0,0
sitting/sitting_te_028,80,False,0,0,0,4:80,0,0,0,0,0,0,0,0,0,0,0,0
sitting/sitting_te_044,80,False,0,0,0,4:80,0,0,0,0,0,0,0,0,0,0,0,0
sitting/sitting_te_087,80,False,0,0,0,4:80,0,0,0,0,0,0,0,0,0,0,0,0
sitting/sitting_te_106,80,False,0,0,0,4:80,0,0,0,0,0,0,0,0,0,0,0,0
sitting/sitting_te_122,80,False,0,0,0,4:80,0,0,0,0,0,0,0,0,0,0,0,0
sitting/sitting_te_134,80,False,0,0,0,4:80,0,0,0,0,0,0,0,0,0,0,0,0
sitting/sitting_te_136,80,False,0,0,0,4:80,0,0,0,0,0,0,0,0,0,0,0,0
sitting/sitting_te_140,80,False,0,0,0,4:80,0,0,0,0,0,0,0,0,0,0,0,0
sitting/sitting_te_142,80,False,0,0,0,4:80,0,0,0,0,0,0,0,0,0,0,0,0
sitting/sitting_te_157,80,False,0,0,0,4:80,0,0,0,0,0,0,0,0,0,0,0,0
sitting/sitting_te_163,80,False,0,0,0,4:80,0,0,0,0,0,0,0,0,0,0,0,0
sitting/sitting_te_174,80,False,0,0,0,4:80,0,0,0,0,0,0,0,0,0,0,0,0
sitting/sitting_te_189,80,False,0,0,0,4:80,0,0,0,0,0,0,0,0,0,0,0,0
sitting/sitting_te_195,80,False,0,0,0,4:80,0,0,0,0,0,0,0,0,0,0,0,0
sitting/sitting_te_200,80,False,0,0,0,4:80,0,0,0,0,0,0,0,0,0,0,0,0
sitting/sitting_to_005,80,False,0,0,0,4:80,0,0,0,0,0,0,0,0,0,0,0,0
sitting/sitting_to_006,80,False,0,0,0,4:80,0,0,0,0,0,0,0,0,0,0,0,0
sitting/sitting_to_023,80,False,0,0,0,4:80,0,0,0,0,0,0,0,0,0,0,0,0
sitting/sitting_to_032,80,False,0,0,0,4:80,0,0,0,0,0,0,0,0,0,0,0,0
sitting/sitting_to_042,80,False,0,0,0,4:80,0,0,0,0,0,0,0,0,0,0,0,0
sitting/sitting_to_043,80,False,0,0,0,4:80,0,0,0,0,0,0,0,0,0,0,0,0
sitting/sitting_to_057,80,False,0,0,0,4:80,0,0,0,0,0,0,0,0,0,0,0,0
sitting/sitting_to_086,80,False,0,0,0,4:80,0,0,0,0,0,0,0,0,0,0,0,0
sitting/sitting_to_091,80,False,0,0,0,4:80,0,0,0,0,0,0,0,0,0,0,0,0
sitting/sitting_to_099,80,False,0,0,0,4:80,0,0,0,0,0,0,0,0,0,0,0,0
sitting/sitting_to_100,80,False,0,0,0,4:80,0,0,0,0,0,0,0,0,0,0,0,0
sitting/sitting_to_116,80,False,0,0,0,4:80,0,0,0,0,0,0,0,0,0,0,0,0
sitting/sitting_to_118,80,False,0,0,0,4:80,0,0,0,0,0,0,0,0,0,0,0,0
sitting/sitting_to_166,80,False,0,0,0,4:80,0,0,0,0,0,0,0,0,0,0,0,0
sitting/sitting_to_168,80,False,0,0,0,4:80,0,0,0,0,0,0,0,0,0,0,0,0
sitting/sitting_to_180,80,False,0,0,0,4:80,0,0,0,0,0,0,0,0,0,0,0,0
sitting/sitting_to_200,80,False,0,0,0,4:80,0,0,0,0,0,0,0,0,0,0,0,0
sitting/sitting_yo_002,80,False,0,0,0,4:80,0,0,0,0,0,0,0,0,0,0,0,0
sitting/sitting_yo_030,80,False,0,0,0,4:80,0,0,0,0,0,0,0,0,0,0,0,0
sitting/sitting_yo_039,80,False,0,0,0,4:80,0,0,0,0,0,0,0,0,0,0,0,0
sitting/sitting_yo_071,80,False,0,0,0,4:80,0,0,0,0,0,0,0,0,0,0,0,0
sitting/sitting_yo_080,80,False,0,0,0,4:80,0,0,0,0,0,0,0,0,0,0,0,0
sitting/sitting_yo_081,80,False,0,0,0,4:80,0,0,0,0,0,0,0,0,0,0,0,0
sitting/sitting_yo_089,80,False,0,0,0,4:80,0,0,0,0,0,0,0,0,0,0,0,0
sitting/sitting_yo_090,80,False,0,0,0,4:80,0,0,0,0,0,0,0,0,0,0,0,0
sitting/sitting_yo_109,80,False,0,0,0,4:80,0,0,0,0,0,0,0,0,0,0,0,0
sitting/sitting_yo_118,80,False,0,0,0,4:80,0,0,0,0,0,0,0,0,0,0,0,0
sitting/sitting_yo_119,80,False,0,0,0,4:80,0,0,0,0,0,0,0,0,0,0,0,0
sitting/sitting_yo_121,80,False,0,0,0,4:80,0,0,0,0,0,0,0,0,0,0,0,0
sitting/sitting_yo_128,80,False,0,0,0,4:80,0,0,0,0,0,0,0,0,0,0,0,0
sitting/sitting_yo_138,80,False,0,0,0,4:80,0,0,0,0,0,0,0,0,0,0,0,0
sitting/sitting_yo_147,80,False,0,0,0,4:80,0,0,0,0,0,0,0,0,0,0,0,0
sitting/sitting_yo_149,80,False,0,0,0,4:80,0,0,0,0,0,0,0,0,0,0,0,0
sitting/sitting_yo_176,80,False,0,0,0,4:80,0,0,0,0,0,0,0,0,0,0,0,0
sitting/sitting_yo_180,80,False,0,0,0,4:80,0,0,0,0,0,0,0,0,0,0,0,0
stand_up/stand_up_ch_080,80,False,0,0,0,7:60 8:20,0,0,0,0,0,0,0,0,0,0,0,0
stand_up/stand_up_ch_095,80,False,0,0,0,7:44 8:36,0,0,0,0,0,0,0,0,0,0,0,0
stand_up/stand_up_ch_103,80,False,0,0,0,4:16 7:30 8:34,0,0,0,0,0,0,0,0,0,0,0,0
stand_up/stand_up_ch_141,80,False,0,0,0,0:48 7:32,0,0,0,0,0,0,0,0,0,0,0,0
stand_up/stand_up_ch_149,80,False,0,0,0,7:44 8:36,0,0,0,0,0,0,0,0,0,0,0,0
stand_up/stand_up_ch_162,80,False,1,0,1,0:22 7:37 8:21,0,0,0,0,0,1,0,0,0,0,0,0
stand_up/stand_up_ch_196,80,False,0,0,0,7:11 8:69,0,0,0,0,0,0,0,0,0,0,0,0
stand_up/stand_up_el_067,80,False,0,0,0,7:13 8:67,0,0,0,0,0,0,0,0,0,0,0,0
stand_up/stand_up_el_070,80,False,0,0,0,7:80,0,0,0,0,0,0,0,0,0,0,0,0
stand_up/stand_up_el_090,80,False,3,0,3,7:80,0,0,0,0,0,3,0,0,0,0,0,0
stand_up/stand_up_el_099,80,False,0,0,0,0:5 7:41 8:34,0,0,0,0,0,0,0,0,0,0,0,0
stand_up/stand_up_el_102,80,False,0,0,0,7:35 8:35 9:10,0,0,0,0,0,0,0,0,0,0,0,0
stand_up/stand_up_el_103,80,False,0,0,0,7:57 8:23,0,0,0,0,0,0,0,0,0,0,0,0
stand_up/stand_up_el_128,80,False,0,0,0,0:33 7:47,0,0,0,0,0,0,0,0,0,0,0,0
stand_up/stand_up_el_129,80,False,0,0,0,7:44 8:36,0,0,0,0,0,0,0,0,0,0,0,0
stand_up/stand_up_el_143,80,False,0,0,0,7:37 8:43,0,0,0,0,0,0,0,0,0,0,0,0
stand_up/stand_up_el_152,80,False,0,0,0,7:52 8:28,0,0,0,0,0,0,0,0,0,0,0,0
stand_up/stand_up_el_180,80,False,0,0,0,7:39 8:41,0,0,0,0,0,0,0,0,0,0,0,0
stand_up/stand_up_el_186,80,False,0,0,0,7:80,0,0,0,0,0,0,0,0,0,0,0,0
stand_up/stand_up_el_187,80,False,0,0,0,7:31 8:49,0,0,0,0,0,0,0,0,0,0,0,0
stand_up/stand_up_el_198,80,False,0,0,0,7:46 8:34,0,0,0,0,0,0,0,0,0,0,0,0
stand_up/stand_up_mi_009,80,False,0,0,0,0:35 7:32 8:13,0,0,0,0,0,0,0,0,0,0,0,0
stand_up/stand_up_mi_018,80,False,0,0,0,7:24 8:56,0,0,0,0,0,0,0,0,0,0,0,0
stand_up/stand_up_mi_019,80,False,0,0,0,7:19 8:61,0,0,0,0,0,0,0,0,0,0,0,0
stand_up/stand_up_mi_022,80,False,0,0,0,4:17 7:26 8:37,0,0,0,0,0,0,0,0,0,0,0,0
stand_up/stand_up_mi_025,80,False,0,0,0,6:15 7:44 8:21,0,0,0,0,0,0,0,0,0,0,0,0
stand_up/stand_up_mi_031,80,False,0,0,0,0:56 7:24,0,0,0,0,0,0,0,0,0,0,0,0
stand_up/stand_up_mi_035,80,False,3,0,3,0:42 7:38,0,0,0,0,0,3,0,0,0,0,0,0
stand_up/stand_up_mi_036,80,False,0,0,0,0:20 7:60,0,0,0,0,0,0,0,0,0,0,0,0
stand_up/stand_up_mi_038,80,False,0,0,0,7:62 8:18,0,0,0,0,0,0,0,0,0,0,0,0
stand_up/stand_up_mi_048,80,False,0,0,0,0:40 7:26 8:14,0,0,0,0,0,0,0,0,0,0,0,0
stand_up/stand_up_mi_050,80,False,0,0,0,7:37 8:43,0,0,0,0,0,0,0,0,0,0,0,0
stand_up/stand_up_mi_057,80,False,0,0,0,7:47 8:33,0,0,0,0,0,0,0,0,0,0,0,0
stand_up/stand_up_mi_065,80,False,0,0,0,0:27 4:18 7:20 8:15,0,0,0,0,0,0,0,0,0,0,0,0
stand_up/stand_up_mi_084,80,False,0,0,0,7:16 8:64,0,0,0,0,0,0,0,0,0,0,0,0
stand_up/stand_up_mi_090,80,False,0,0,0,7:41 8:39,0,0,0,0,0,0,0,0,0,0,0,0
stand_up/stand_up_mi_091,80,False,0,0,0,7:51 8:29,0,0,0,0,0,0,0,0,0,0,0,0
stand_up/stand_up_mi_101,80,False,0,0,0,0:41 7:22 8:17,0,0,0,0,0,0,0,0,0,0,0,0
stand_up/stand_up_mi_104,80,False,0,0,0,7:42 8:38,0,0,0,0,0,0,0,0,0,0,0,0
stand_up/stand_up_mi_123,80,False,0,0,0,7:32 8:48,0,0,0,0,0,0,0,0,0,0,0,0
stand_up/stand_up_mi_129,80,False,0,0,0,0:45 7:18 8:17,0,0,0,0,0,0,0,0,0,0,0,0
stand_up/stand_up_mi_136,80,False,0,0,0,7:43 8:37,0,0,0,0,0,0,0,0,0,0,0,0
stand_up/stand_up_mi_139,80,False,0,0,0,7:48 8:32,0,0,0,0,0,0,0,0,0,0,0,0
stand_up/stand_up_mi_148,80,False,0,0,0,7:54 11:26,0,0,0,0,0,0,0,0,0,0,0,0
stand_up/stand_up_mi_177,80,False,0,0,0,7:43 8:37,0,0,0,0,0,0,0,0,0,0,0,0
stand_up/stand_up_mi_178,80,False,0,0,0,7:29 8:51,0,0,0,0,0,0,0,0,0,0,0,0
stand_up/stand_up_te_008,80,False,0,0,0,7:59 8:21,0,0,0,0,0,0,0,0,0,0,0,0
stand_up/stand_up_te_013,80,False,5,0,5,0:36 7:26 8:18,0,0,0,0,0,5,0,0,0,0,0,0
stand_up/stand_up_te_017,80,False,0,0,0,7:22 8:6 13:52,0,0,0,0,0,0,0,0,0,0,0,0
stand_up/stand_up_te_018,80,False,1,0,1,7:74 8:6,0,0,0,0,0,1,0,0,0,0,0,0
stand_up/stand_up_te_025,80,False,0,0,0,7:43 9:37,0,0,0,0,0,0,0,0,0,0,0,0
stand_up/stand_up_te_032,80,False,0,0,0,7:27 8:12 9:41,0,0,0,0,0,0,0,0,0,0,0,0
stand_up/stand_up_te_039,80,False,0,0,0,7:27 8:53,0,0,0,0,0,0,0,0,0,0,0,0
stand_up/stand_up_te_043,80,False,0,0,0,0:23 7:44 8:13,0,0,0,0,0,0,0,0,0,0,0,0
stand_up/stand_up_te_044,80,False,0,0,0,7:69 8:11,0,0,0,0,0,0,0,0,0,0,0,0
stand_up/stand_up_te_045,80,False,0,0,0,7:48 8:32,0,0,0,0,0,0,0,0,0,0,0,0
stand_up/stand_up_te_049,80,False,0,0,0,7:28 8:52,0,0,0,0,0,0,0,0,0,0,0,0
stand_up/stand_up_te_053,80,False,0,0,0,7:38 8:7 9:35,0,0,0,0,0,0,0,0,0,0,0,0
stand_up/stand_up_te_065,80,False,0,0,0,6:28 7:52,0,0,0,0,0,0,0,0,0,0,0,0
stand_up/stand_up_te_067,80,False,0,0,0,7:42 8:38,0,0,0,0,0,0,0,0,0,0,0,0
stand_up/stand_up_te_076,80,False,0,0,0,7:44 8:36,0,0,0,0,0,0,0,0,0,0,0,0
stand_up/stand_up_te_084,80,False,0,0,0,0:51 7:29,0,0,0,0,0,0,0,0,0,0,0,0
stand_up/stand_up_te_087,80,False,0,0,0,0:15 7:54 8:11,0,0,0,0,0,0,0,0,0,0,0,0
stand_up/stand_up_te_097,80,False,0,0,0,7:54 8:26,0,0,0,0,0,0,0,0,0,0,0,0
stand_up/stand_up_te_106,80,False,0,0,0,7:19 8:61,0,0,0,0,0,0,0,0,0,0,0,0
stand_up/stand_up_te_107,80,False,0,0,0,7:71 8:9,0,0,0,0,0,0,0,0,0,0,0,0
stand_up/stand_up_te_126,80,False,0,0,0,7:34 8:46,0,0,0,0,0,0,0,0,0,0,0,0
stand_up/stand_up_te_133,80,False,0,0,0,7:80,0,0,0,0,0,0,0,0,0,0,0,0
stand_up/stand_up_te_144,80,False,0,0,0,7:59 8:21,0,0,0,0,0,0,0,0,0,0,0,0
stand_up/stand_up_te_158,80,False,3,0,3,7:80,0,0,0,0,0,3,0,0,0,0,0,0
stand_up/stand_up_te_174,80,False,0,0,0,7:55 8:25,0,0,0,0,0,0,0,0,0,0,0,0
stand_up/stand_up_te_190,80,False,0,0,0,7:23 8:57,0,0,0,0,0,0,0,0,0,0,0,0
stand_up/stand_up_te_196,80,False,0,0,0,7:30 8:50,0,0,0,0,0,0,0,0,0,0,0,0
stand_up/stand_up_te_198,80,False,0,0,0,7:64 8:16,0,0,0,0,0,0,0,0,0,0,0,0
stand_up/stand_up_to_022,80,False,0,0,0,7:68 8:12,0,0,0,0,0,0,0,0,0,0,0,0
stand_up/stand_up_to_025,80,False,0,0,0,7:45 8:4 11:31,0,0,0,0,0,0,0,0,0,0,0,0
stand_up/stand_up_to_041,80,False,0,0,0,7:49 11:31,0,0,0,0,0,0,0,0,0,0,0,0
stand_up/stand_up_to_047,80,False,0,0,0,7:21 8:39 15:20,0,0,0,0,0,0,0,0,0,0,0,0
stand_up/stand_up_to_061,80,False,0,0,0,7:57 8:23,0,0,0,0,0,0,0,0,0,0,0,0
stand_up/stand_up_to_073,80,False,0,0,0,0:43 7:20 8:17,0,0,0,0,0,0,0,0,0,0,0,0
stand_up/stand_up_to_093,80,False,0,0,0,7:16 11:41 14:23,0,0,0,0,0,0,0,0,0,0,0,0
stand_up/stand_up_to_096,80,False,0,0,0,0:60 7:20,0,0,0,0,0,0,0,0,0,0,0,0
stand_up/stand_up_to_125,80,False,0,0,0,7:21 8:48 13:11,0,0,0,0,0,0,0,0,0,0,0,0
stand_up/stand_up_to_126,80,False,0,0,0,7:72 8:8,0,0,0,0,0,0,0,0,0,0,0,0
stand_up/stand_up_to_134,80,False,0,0,0,0:30 7:24 8:26,0,0,0,0,0,0,0,0,0,0,0,0
stand_up/stand_up_to_137,80,False,0,0,0,0:30 7:50,0,0,0,0,0,0,0,0,0,0,0,0
stand_up/stand_up_to_156,80,False,0,0,0,7:58 8:22,0,0,0,0,0,0,0,0,0,0,0,0
stand_up/stand_up_to_169,80,False,0,0,0,7:74 8:6,0,0,0,0,0,0,0,0,0,0,0,0
stand_up/stand_up_yo_006,80,False,0,0,0,7:21 8:59,0,0,0,0,0,0,0,0,0,0,0,0
stand_up/stand_up_yo_025,80,False,0,0,0,7:29 8:29 9:22,0,0,0,0,0,0,0,0,0,0,0,0
stand_up/stand_up_yo_032,80,False,0,0,0,7:61 9:19,0,0,0,0,0,0,0,0,0,0,0,0
stand_up/stand_up_yo_034,80,False,0,0,0,7:48 8:32,0,0,0,0,0,0,0,0,0,0,0,0
stand_up/stand_up_yo_041,80,False,0,0,0,7:60 8:20,0,0,0,0,0,0,0,0,0,0,0,0
stand_up/stand_up_yo_047,80,False,0,0,0,7:80,0,0,0,0,0,0,0,0,0,0,0,0
stand_up/stand_up_yo_054,80,False,0,0,0,7:45 8:35,0,0,0,0,0,0,0,0,0,0,0,0
stand_up/stand_up_yo_060,80,False,0,0,0,0:52 7:28,0,0,0,0,0,0,0,0,0,0,0,0
stand_up/stand_up_yo_082,80,False,0,0,0,0:21 7:36 8:23,0,0,0,0,0,0,0,0,0,0,0,0
stand_up/stand_up_yo_086,80,False,0,0,0,4:28 7:34 8:18,0,0,0,0,0,0,0,0,0,0,0,0
stand_up/stand_up_yo_090,80,False,0,0,0,7:15 8:65,0,0,0,0,0,0,0,0,0,0,0,0
stand_up/stand_up_yo_103,80,False,0,0,0,7:72 8:8,0,0,0,0,0,0,0,0,0,0,0,0
stand_up/stand_up_yo_113,80,False,0,0,0,0:35 7:34 8:11,0,0,0,0,0,0,0,0,0,0,0,0
stand_up/stand_up_yo_129,80,False,0,0,0,7:21 8:59,0,0,0,0,0,0,0,0,0,0,0,0
stand_up/stand_up_yo_144,80,False,0,0,0,0:26 4:12 7:20 8:22,0,0,0,0,0,0,0,0,0,0,0,0
stand_up/stand_up_yo_161,80,False,0,0,0,7:48 8:32,0,0,0,0,0,0,0,0,0,0,0,0
stand_up/stand_up_yo_163,80,False,0,0,0,7:51 8:29,0,0,0,0,0,0,0,0,0,0,0,0
stand_up/stand_up_yo_170,80,False,0,0,0,7:45 8:35,0,0,0,0,0,0,0,0,0,0,0,0
stand_up/stand_up_yo_172,80,False,0,0,0,0:60 7:20,0,0,0,0,0,0,0,0,0,0,0,0
stand_up/stand_up_yo_178,80,False,0,0,0,7:80,0,0,0,0,0,0,0,0,0,0,0,0
stand_up/stand_up_yo_191,80,False,0,0,0,7:42 8:38,0,0,0,0,0,0,0,0,0,0,0,0
standing/standing_ch_017,80,False,0,0,0,8:80,0,0,0,0,0,0,0,0,0,0,0,0
standing/standing_ch_020,80,False,0,0,0,8:80,0,0,0,0,0,0,0,0,0,0,0,0
standing/standing_ch_039,80,False,0,0,0,8:80,0,0,0,0,0,0,0,0,0,0,0,0
standing/standing_ch_042,80,False,0,0,0,8:80,0,0,0,0,0,0,0,0,0,0,0,0
standing/standing_ch_043,80,False,0,0,0,8:80,0,0,0,0,0,0,0,0,0,0,0,0
standing/standing_ch_055,80,False,0,0,0,8:80,0,0,0,0,0,0,0,0,0,0,0,0
standing/standing_ch_060,80,False,0,0,0,8:80,0,0,0,0,0,0,0,0,0,0,0,0
standing/standing_ch_064,80,False,0,0,0,8:80,0,0,0,0,0,0,0,0,0,0,0,0
standing/standing_ch_070,80,False,0,0,0,8:80,0,0,0,0,0,0,0,0,0,0,0,0
standing/standing_ch_075,80,False,0,0,0,8:80,0,0,0,0,0,0,0,0,0,0,0,0
standing/standing_ch_098,80,False,0,0,0,8:80,0,0,0,0,0,0,0,0,0,0,0,0
standing/standing_ch_101,80,False,0,0,0,8:80,0,0,0,0,0,0,0,0,0,0,0,0
standing/standing_ch_108,80,False,0,0,0,8:80,0,0,0,0,0,0,0,0,0,0,0,0
standing/standing_ch_130,80,False,0,0,0,8:80,0,0,0,0,0,0,0,0,0,0,0,0
standing/standing_ch_141,80,False,0,0,0,8:80,0,0,0,0,0,0,0,0,0,0,0,0
standing/standing_ch_150,80,False,0,0,0,8:80,0,0,0,0,0,0,0,0,0,0,0,0
standing/standing_ch_164,80,False,0,0,0,8:80,0,0,0,0,0,0,0,0,0,0,0,0
standing/standing_ch_167,80,False,0,0,0,8:80,0,0,0,0,0,0,0,0,0,0,0,0
standing/standing_ch_168,80,False,0,0,0,8:80,0,0,0,0,0,0,0,0,0,0,0,0
standing/standing_ch_172,80,False,0,0,0,8:80,0,0,0,0,0,0,0,0,0,0,0,0
standing/standing_ch_175,80,False,0,0,0,8:80,0,0,0,0,0,0,0,0,0,0,0,0
standing/standing_ch_178,80,False,0,0,0,8:80,0,0,0,0,0,0,0,0,0,0,0,0
standing/standing_ch_199,80,False,0,0,0,8:80,0,0,0,0,0,0,0,0,0,0,0,0
standing/standing_el_014,80,False,0,0,0,8:80,0,0,0,0,0,0,0,0,0,0,0,0
standing/standing_el_038,80,False,0,0,0,8:80,0,0,0,0,0,0,0,0,0,0,0,0
standing/standing_el_064,80,False,0,0,0,8:80,0,0,0,0,0,0,0,0,0,0,0,0
standing/standing_el_092,80,False,0,0,0,8:80,0,0,0,0,0,0,0,0,0,0,0,0
standing/standing_el_110,80,False,0,0,0,8:80,0,0,0,0,0,0,0,0,0,0,0,0
standing/standing_el_127,80,False,0,0,0,8:80,0,0,0,0,0,0,0,0,0,0,0,0
standing/standing_el_133,80,False,0,0,0,8:80,0,0,0,0,0,0,0,0,0,0,0,0
standing/standing_el_134,80,False,0,0,0,8:80,0,0,0,0,0,0,0,0,0,0,0,0
standing/standing_el_139,80,False,0,0,0,8:80,0,0,0,0,0,0,0,0,0,0,0,0
standing/standing_el_140,80,False,0,0,0,8:80,0,0,0,0,0,0,0,0,0,0,0,0
standing/standing_el_150,80,False,0,0,0,8:80,0,0,0,0,0,0,0,0,0,0,0,0
standing/standing_el_176,80,False,0,0,0,8:80,0,0,0,0,0,0,0,0,0,0,0,0
standing/standing_el_178,80,False,0,0,0,8:80,0,0,0,0,0,0,0,0,0,0,0,0
standing/standing_el_181,80,False,0,0,0,8:80,0,0,0,0,0,0,0,0,0,0,0,0
standing/standing_el_189,80,False,0,0,0,8:80,0,0,0,0,0,0,0,0,0,0,0,0
standing/standing_el_200,80,False,0,0,0,8:80,0,0,0,0,0,0,0,0,0,0,0,0
standing/standing_mi_016,80,False,0,0,0,8:80,0,0,0,0,0,0,0,0,0,0,0,0
standing/standing_mi_022,80,False,0,0,0,8:80,0,0,0,0,0,0,0,0,0,0,0,0
standing/standing_mi_038,80,False,0,0,0,8:80,0,0,0,0,0,0,0,0,0,0,0,0
standing/standing_mi_085,80,False,0,0,0,8:80,0,0,0,0,0,0,0,0,0,0,0,0
standing/standing_mi_092,80,False,0,0,0,8:80,0,0,0,0,0,0,0,0,0,0,0,0
standing/standing_mi_117,80,False,0,0,0,8:80,0,0,0,0,0,0,0,0,0,0,0,0
standing/standing_mi_133,80,False,0,0,0,8:80,0,0,0,0,0,0,0,0,0,0,0,0
standing/standing_mi_134,80,False,0,0,0,8:80,0,0,0,0,0,0,0,0,0,0,0,0
standing/standing_mi_146,80,False,0,0,0,8:80,0,0,0,0,0,0,0,0,0,0,0,0
standing/standing_mi_148,80,False,0,0,0,8:80,0,0,0,0,0,0,0,0,0,0,0,0
standing/standing_mi_169,80,False,0,0,0,8:80,0,0,0,0,0,0,0,0,0,0,0,0
standing/standing_mi_175,80,False,0,0,0,8:80,0,0,0,0,0,0,0,0,0,0,0,0
standing/standing_mi_178,80,False,0,0,0,8:80,0,0,0,0,0,0,0,0,0,0,0,0
standing/standing_mi_180,80,False,0,0,0,8:80,0,0,0,0,0,0,0,0,0,0,0,0
standing/standing_mi_196,80,False,0,0,0,8:80,0,0,0,0,0,0,0,0,0,0,0,0
standing/standing_te_002,80,False,0,0,0,8:80,0,0,0,0,0,0,0,0,0,0,0,0
standing/standing_te_010,80,False,0,0,0,8:80,0,0,0,0,0,0,0,0,0,0,0,0
standing/standing_te_012,80,False,0,0,0,8:80,0,0,0,0,0,0,0,0,0,0,0,0
standing/standing_te_041,80,False,0,0,0,8:80,0,0,0,0,0,0,0,0,0,0,0,0
standing/standing_te_045,80,False,0,0,0,8:80,0,0,0,0,0,0,0,0,0,0,0,0
standing/standing_te_047,80,False,0,0,0,8:80,0,0,0,0,0,0,0,0,0,0,0,0
standing/standing_te_049,80,False,0,0,0,8:80,0,0,0,0,0,0,0,0,0,0,0,0
standing/standing_te_069,80,False,0,0,0,8:80,0,0,0,0,0,0,0,0,0,0,0,0
standing/standing_te_070,80,False,0,0,0,8:80,0,0,0,0,0,0,0,0,0,0,0,0
standing/standing_te_077,80,False,0,0,0,8:80,0,0,0,0,0,0,0,0,0,0,0,0
standing/standing_te_081,80,False,0,0,0,8:80,0,0,0,0,0,0,0,0,0,0,0,0
standing/standing_te_100,80,False,0,0,0,8:80,0,0,0,0,0,0,0,0,0,0,0,0
standing/standing_te_113,80,False,0,0,0,8:80,0,0,0,0,0,0,0,0,0,0,0,0
standing/standing_te_119,80,False,0,0,0,8:80,0,0,0,0,0,0,0,0,0,0,0,0
standing/standing_te_123,80,False,0,0,0,8:80,0,0,0,0,0,0,0,0,0,0,0,0
standing/standing_te_140,80,False,0,0,0,8:80,0,0,0,0,0,0,0,0,0,0,0,0
standing/standing_te_141,80,False,0,0,0,8:80,0,0,0,0,0,0,0,0,0,0,0,0
standing/standing_te_184,80,False,0,0,0,8:80,0,0,0,0,0,0,0,0,0,0,0,0
standing/standing_te_192,80,False,0,0,0,8:80,0,0,0,0,0,0,0,0,0,0,0,0
standing/standing_te_193,80,False,0,0,0,8:80,0,0,0,0,0,0,0,0,0,0,0,0
standing/standing_to_001,80,False,0,0,0,8:80,0,0,0,0,0,0,0,0,0,0,0,0
standing/standing_to_014,80,False,0,0,0,8:80,0,0,0,0,0,0,0,0,0,0,0,0
standing/standing_to_016,80,False,0,0,0,8:80,0,0,0,0,0,0,0,0,0,0,0,0
standing/standing_to_039,80,False,0,0,0,8:80,0,0,0,0,0,0,0,0,0,0,0,0
standing/standing_to_048,80,False,0,0,0,8:80,0,0,0,0,0,0,0,0,0,0,0,0
standing/standing_to_051,80,False,0,0,0,8:80,0,0,0,0,0,0,0,0,0,0,0,0
standing/standing_to_069,80,False,0,0,0,8:80,0,0,0,0,0,0,0,0,0,0,0,0
standing/standing_to_077,80,False,0,0,0,0:24 8:56,0,0,0,0,0,0,0,0,0,0,0,0
standing/standing_to_086,80,False,0,0,0,8:80,0,0,0,0,0,0,0,0,0,0,0,0
standing/standing_to_102,80,False,0,0,0,8:80,0,0,0,0,0,0,0,0,0,0,0,0
standing/standing_to_111,80,False,0,0,0,8:80,0,0,0,0,0,0,0,0,0,0,0,0
standing/standing_to_131,80,False,0,0,0,8:80,0,0,0,0,0,0,0,0,0,0,0,0
standing/standing_to_133,80,False,0,0,0,8:80,0,0,0,0,0,0,0,0,0,0,0,0
standing/standing_to_176,80,False,0,0,0,8:80,0,0,0,0,0,0,0,0,0,0,0,0
standing/standing_to_183,80,False,0,0,0,8:80,0,0,0,0,0,0,0,0,0,0,0,0
standing/standing_to_188,80,False,0,0,0,8:80,0,0,0,0,0,0,0,0,0,0,0,0
standing/standing_yo_010,80,False,0,0,0,8:80,0,0,0,0,0,0,0,0,0,0,0,0
standing/standing_yo_011,80,False,0,0,0,8:80,0,0,0,0,0,0,0,0,0,0,0,0
standing/standing_yo_013,80,False,0,0,0,8:80,0,0,0,0,0,0,0,0,0,0,0,0
standing/standing_yo_018,80,False,0,0,0,8:80,0,0,0,0,0,0,0,0,0,0,0,0
standing/standing_yo_047,80,False,0,0,0,8:80,0,0,0,0,0,0,0,0,0,0,0,0
standing/standing_yo_048,80,False,0,0,0,8:80,0,0,0,0,0,0,0,0,0,0,0,0
standing/standing_yo_052,80,False,0,0,0,8:80,0,0,0,0,0,0,0,0,0,0,0,0
standing/standing_yo_058,80,False,0,0,0,8:80,0,0,0,0,0,0,0,0,0,0,0,0
standing/standing_yo_075,80,False,0,0,0,8:80,0,0,0,0,0,0,0,0,0,0,0,0
standing/standing_yo_079,80,False,0,0,0,8:80,0,0,0,0,0,0,0,0,0,0,0,0
standing/standing_yo_083,80,False,0,0,0,8:80,0,0,0,0,0,0,0,0,0,0,0,0
standing/standing_yo_085,80,False,0,0,0,8:80,0,0,0,0,0,0,0,0,0,0,0,0
standing/standing_yo_107,80,False,0,0,0,8:80,0,0,0,0,0,0,0,0,0,0,0,0
standing/standing_yo_115,80,False,0,0,0,8:80,0,0,0,0,0,0,0,0,0,0,0,0
standing/standing_yo_127,80,False,0,0,0,8:80,0,0,0,0,0,0,0,0,0,0,0,0
standing/standing_yo_128,80,False,0,0,0,8:80,0,0,0,0,0,0,0,0,0,0,0,0
standing/standing_yo_139,80,False,0,0,0,8:80,0,0,0,0,0,0,0,0,0,0,0,0
standing/standing_yo_149,80,False,0,0,0,8:80,0,0,0,0,0,0,0,0,0,0,0,0
standing/standing_yo_171,80,False,0,0,0,8:80,0,0,0,0,0,0,0,0,0,0,0,0
standing/standing_yo_176,80,False,0,0,0,8:80,0,0,0,0,0,0,0,0,0,0,0,0
standing/standing_yo_195,80,False,0,0,0,8:80,0,0,0,0,0,0,0,0,0,0,0,0
standing/standing_yo_197,80,False,0,0,0,0:80,0,0,0,0,0,0,0,0,0,0,0,0
walking/walking_ch_010,80,False,0,0,0,0:80,0,0,0,0,0,0,0,0,0,0,0,0
walking/walking_ch_013,80,False,0,0,0,0:80,0,0,0,0,0,0,0,0,0,0,0,0
walking/walking_ch_014,80,False,0,0,0,0:80,0,0,0,0,0,0,0,0,0,0,0,0
walking/walking_ch_021,80,False,0,0,0,0:80,0,0,0,0,0,0,0,0,0,0,0,0
walking/walking_ch_033,80,False,0,0,0,0:80,0,0,0,0,0,0,0,0,0,0,0,0
walking/walking_ch_035,80,False,0,0,0,0:80,0,0,0,0,0,0,0,0,0,0,0,0
walking/walking_ch_039,80,False,0,0,0,0:80,0,0,0,0,0,0,0,0,0,0,0,0
walking/walking_ch_045,80,False,0,0,0,0:80,0,0,0,0,0,0,0,0,0,0,0,0
walking/walking_ch_056,80,False,0,0,0,0:80,0,0,0,0,0,0,0,0,0,0,0,0
walking/walking_ch_063,80,False,0,0,0,0:80,0,0,0,0,0,0,0,0,0,0,0,0
walking/walking_ch_069,80,False,0,0,0,0:80,0,0,0,0,0,0,0,0,0,0,0,0
walking/walking_ch_077,80,False,0,0,0,0:80,0,0,0,0,0,0,0,0,0,0,0,0
walking/walking_ch_079,80,False,0,0,0,0:80,0,0,0,0,0,0,0,0,0,0,0,0
walking/walking_ch_083,80,False,0,0,0,0:80,0,0,0,0,0,0,0,0,0,0,0,0
walking/walking_ch_095,80,False,0,0,0,0:80,0,0,0,0,0,0,0,0,0,0,0,0
walking/walking_ch_127,80,False,0,0,0,0:80,0,0,0,0,0,0,0,0,0,0,0,0
walking/walking_ch_128,80,False,0,0,0,0:80,0,0,0,0,0,0,0,0,0,0,0,0
walking/walking_ch_138,80,False,0,0,0,0:80,0,0,0,0,0,0,0,0,0,0,0,0
walking/walking_ch_143,80,False,0,0,0,0:80,0,0,0,0,0,0,0,0,0,0,0,0
walking/walking_ch_148,80,False,0,0,0,0:80,0,0,0,0,0,0,0,0,0,0,0,0
walking/walking_ch_159,80,False,0,0,0,0:80,0,0,0,0,0,0,0,0,0,0,0,0
walking/walking_ch_161,80,False,0,0,0,0:80,0,0,0,0,0,0,0,0,0,0,0,0
walking/walking_ch_169,80,False,0,0,0,0:80,0,0,0,0,0,0,0,0,0,0,0,0
walking/walking_ch_173,80,False,0,0,0,0:80,0,0,0,0,0,0,0,0,0,0,0,0
walking/walking_ch_176,80,False,0,0,0,0:80,0,0,0,0,0,0,0,0,0,0,0,0
walking/walking_ch_181,80,False,0,0,0,0:80,0,0,0,0,0,0,0,0,0,0,0,0
walking/walking_ch_188,80,False,0,0,0,0:80,0,0,0,0,0,0,0,0,0,0,0,0
walking/walking_el_005,80,False,0,0,0,0:80,0,0,0,0,0,0,0,0,0,0,0,0
walking/walking_el_024,80,False,0,0,0,0:80,0,0,0,0,0,0,0,0,0,0,0,0
walking/walking_el_033,80,False,0,0,0,0:80,0,0,0,0,0,0,0,0,0,0,0,0
walking/walking_el_060,80,False,0,0,0,0:80,0,0,0,0,0,0,0,0,0,0,0,0
walking/walking_el_063,80,False,0,0,0,0:80,0,0,0,0,0,0,0,0,0,0,0,0
walking/walking_el_070,80,False,0,0,0,0:80,0,0,0,0,0,0,0,0,0,0,0,0
walking/walking_el_080,80,False,0,0,0,0:80,0,0,0,0,0,0,0,0,0,0,0,0
walking/walking_el_088,80,False,0,0,0,0:80,0,0,0,0,0,0,0,0,0,0,0,0
walking/walking_el_098,80,False,0,0,0,0:80,0,0,0,0,0,0,0,0,0,0,0,0
walking/walking_el_110,80,False,0,0,0,0:80,0,0,0,0,0,0,0,0,0,0,0,0
walking/walking_el_128,80,False,0,0,0,0:80,0,0,0,0,0,0,0,0,0,0,0,0
walking/walking_el_134,80,False,0,0,0,0:80,0,0,0,0,0,0,0,0,0,0,0,0
walking/walking_el_146,80,False,0,0,0,0:80,0,0,0,0,0,0,0,0,0,0,0,0
walking/walking_el_150,80,False,0,0,0,0:80,0,0,0,0,0,0,0,0,0,0,0,0
walking/walking_el_165,80,False,0,0,0,0:80,0,0,0,0,0,0,0,0,0,0,0,0
walking/walking_el_170,80,False,0,0,0,0:80,0,0,0,0,0,0,0,0,0,0,0,0
walking/walking_el_175,80,False,0,0,0,0:80,0,0,0,0,0,0,0,0,0,0,0,0
walking/walking_el_188,80,False,0,0,0,0:80,0,0,0,0,0,0,0,0,0,0,0,0
walking/walking_el_200,80,False,0,0,0,0:80,0,0,0,0,0,0,0,0,0,0,0,0
walking/walking_mi_011,80,False,0,0,0,0:80,0,0,0,0,0,0,0,0,0,0,0,0
walking/walking_mi_017,80,False,0,0,0,0:80,0,0,0,0,0,0,0,0,0,0,0,0
walking/walking_mi_033,80,False,0,0,0,0:80,0,0,0,0,0,0,0,0,0,0,0,0
walking/walking_mi_053,80,False,0,0,0,0:80,0,0,0,0,0,0,0,0,0,0,0,0
walking/walking_mi_054,80,False,0,0,0,0:80,0,0,0,0,0,0,0,0,0,0,0,0
walking/walking_mi_061,80,False,0,0,0,0:80,0,0,0,0,0,0,0,0,0,0,0,0
walking/walking_mi_064,80,False,0,0,0,0:80,0,0,0,0,0,0,0,0,0,0,0,0
walking/walking_mi_067,80,False,0,0,0,0:80,0,0,0,0,0,0,0,0,0,0,0,0
walking/walking_mi_075,80,False,0,0,0,0:80,0,0,0,0,0,0,0,0,0,0,0,0
walking/walking_mi_081,80,False,0,0,0,0:80,0,0,0,0,0,0,0,0,0,0,0,0
walking/walking_mi_096,80,False,0,0,0,0:80,0,0,0,0,0,0,0,0,0,0,0,0
walking/walking_mi_103,80,False,0,0,0,0:80,0,0,0,0,0,0,0,0,0,0,0,0
walking/walking_mi_122,80,False,0,0,0,0:80,0,0,0,0,0,0,0,0,0,0,0,0
walking/walking_mi_186,80,False,0,0,0,0:80,0,0,0,0,0,0,0,0,0,0,0,0
walking/walking_te_013,80,False,0,0,0,0:80,0,0,0,0,0,0,0,0,0,0,0,0
walking/walking_te_024,80,False,0,0,0,0:80,0,0,0,0,0,0,0,0,0,0,0,0
walking/walking_te_037,80,False,0,0,0,0:80,0,0,0,0,0,0,0,0,0,0,0,0
walking/walking_te_039,80,False,0,0,0,0:80,0,0,0,0,0,0,0,0,0,0,0,0
walking/walking_te_045,80,False,0,0,0,0:80,0,0,0,0,0,0,0,0,0,0,0,0
walking/walking_te_046,80,False,0,0,0,0:80,0,0,0,0,0,0,0,0,0,0,0,0
walking/walking_te_090,80,False,0,0,0,0:80,0,0,0,0,0,0,0,0,0,0,0,0
walking/walking_te_091,80,False,0,0,0,0:80,0,0,0,0,0,0,0,0,0,0,0,0
walking/walking_te_099,80,False,0,0,0,0:80,0,0,0,0,0,0,0,0,0,0,0,0
walking/walking_te_123,80,False,0,0,0,0:80,0,0,0,0,0,0,0,0,0,0,0,0
walking/walking_te_127,80,False,0,0,0,0:80,0,0,0,0,0,0,0,0,0,0,0,0
walking/walking_te_139,80,False,0,0,0,0:80,0,0,0,0,0,0,0,0,0,0,0,0
walking/walking_te_144,80,False,0,0,0,0:80,0,0,0,0,0,0,0,0,0,0,0,0
walking/walking_te_148,80,False,0,0,0,0:80,0,0,0,0,0,0,0,0,0,0,0,0
walking/walking_te_161,80,False,0,0,0,0:80,0,0,0,0,0,0,0,0,0,0,0,0
walking/walking_te_162,80,False,0,0,0,0:80,0,0,0,0,0,0,0,0,0,0,0,0
walking/walking_te_183,80,False,0,0,0,0:80,0,0,0,0,0,0,0,0,0,0,0,0
walking/walking_te_188,80,False,0,0,0,0:80,0,0,0,0,0,0,0,0,0,0,0,0
walking/walking_te_198,80,False,0,0,0,0:80,0,0,0,0,0,0,0,0,0,0,0,0
walking/walking_to_001,80,False,0,0,0,0:80,0,0,0,0,0,0,0,0,0,0,0,0
walking/walking_to_062,80,False,0,0,0,0:80,0,0,0,0,0,0,0,0,0,0,0,0
walking/walking_to_081,80,False,0,0,0,0:80,0,0,0,0,0,0,0,0,0,0,0,0
walking/walking_to_091,80,False,0,0,0,0:80,0,0,0,0,0,0,0,0,0,0,0,0
walking/walking_to_094,80,False,0,0,0,0:80,0,0,0,0,0,0,0,0,0,0,0,0
walking/walking_to_100,80,False,0,0,0,0:80,0,0,0,0,0,0,0,0,0,0,0,0
walking/walking_to_101,80,False,0,0,0,0:80,0,0,0,0,0,0,0,0,0,0,0,0
walking/walking_to_128,80,False,0,0,0,0:80,0,0,0,0,0,0,0,0,0,0,0,0
walking/walking_to_132,80,False,0,0,0,0:80,0,0,0,0,0,0,0,0,0,0,0,0
walking/walking_to_135,80,False,0,0,0,0:80,0,0,0,0,0,0,0,0,0,0,0,0
walking/walking_to_143,80,False,0,0,0,0:80,0,0,0,0,0,0,0,0,0,0,0,0
walking/walking_to_160,80,False,0,0,0,0:80,0,0,0,0,0,0,0,0,0,0,0,0
walking/walking_to_163,80,False,0,0,0,0:80,0,0,0,0,0,0,0,0,0,0,0,0
walking/walking_to_174,80,False,0,0,0,0:80,0,0,0,0,0,0,0,0,0,0,0,0
walking/walking_to_182,80,False,0,0,0,0:80,0,0,0,0,0,0,0,0,0,0,0,0
walking/walking_to_192,80,False,0,0,0,0:80,0,0,0,0,0,0,0,0,0,0,0,0
walking/walking_to_193,80,False,0,0,0,0:80,0,0,0,0,0,0,0,0,0,0,0,0
walking/walking_yo_009,80,False,0,0,0,0:80,0,0,0,0,0,0,0,0,0,0,0,0
walking/walking_yo_011,80,False,0,0,0,0:80,0,0,0,0,0,0,0,0,0,0,0,0
walking/walking_yo_018,80,False,0,0,0,0:80,0,0,0,0,0,0,0,0,0,0,0,0
walking/walking_yo_029,80,False,0,0,0,0:80,0,0,0,0,0,0,0,0,0,0,0,0
walking/walking_yo_031,80,False,0,0,0,0:80,0,0,0,0,0,0,0,0,0,0,0,0
walking/walking_yo_043,80,False,0,0,0,0:80,0,0,0,0,0,0,0,0,0,0,0,0
walking/walking_yo_046,80,False,0,0,0,0:80,0,0,0,0,0,0,0,0,0,0,0,0
walking/walking_yo_050,80,False,0,0,0,0:80,0,0,0,0,0,0,0,0,0,0,0,0
walking/walking_yo_063,80,False,0,0,0,0:80,0,0,0,0,0,0,0,0,0,0,0,0
walking/walking_yo_111,80,False,0,0,0,0:80,0,0,0,0,0,0,0,0,0,0,0,0
walking/walking_yo_115,80,False,0,0,0,0:80,0,0,0,0,0,0,0,0,0,0,0,0
walking/walking_yo_149,80,False,0,0,0,0:80,0,0,0,0,0,0,0,0,0,0,0,0
walking/walking_yo_152,80,False,0,0,0,0:80,0,0,0,0,0,0,0,0,0,0,0,0
walking/walking_yo_153,80,False,0,0,0,0:80,0,0,0,0,0,0,0,0,0,0,0,0
walking/walking_yo_169,80,False,0,0,0,0:80,0,0,0,0,0,0,0,0,0,0,0,0
walking/walking_yo_176,80,False,0,0,0,0:80,0,0,0,0,0,0,0,0,0,0,0,0
walking/walking_yo_188,80,False,0,0,0,0:80,0,0,0,0,0,0,0,0,0,0,0,0
